district,leaid,closed_for_sy,schools_closed,students_displaced,includes_elementary,town_lost_last_school,new_school_built_within_2yrs,school_names,district_exp_pre,district_enr_pre,district_exp_post3,district_enr_post3,state_median_exp_growth,gap_vs_trend_per_year,gap_per_displaced_student,flag_plausible_magnitude,flag_finance_clean,score_pre,score_post3,score_change_vs_state
Adair County,2100030,2001,1,543,False,False,True,JOHN ADAIR MS,15533000,2576,19024000,2743,0.1931,-492064,-906,True,True,,,
Adair County,2100030,2013,2,803,True,False,True,COLONEL WILLIAM CASEY ELEMENTARY; JOHN ADAIR INTERMEDIATE SCHOOL,23612000,2601,25540000,2689,0.0374,-1045466,-1302,True,True,44.5,46.5,-4.5
Adair County,2100030,2006,3,479,True,True,True,KNIFLEY ELEMENTARY SCHOOL; SHEPHERD ELEMENTARY SCHOOL; SPARKSVILLE ELEMENTARY SCHOOL,22126000,2794,23240000,2547,0.2005,3321858,6935,True,True,,,
Anderson County,2100120,2002,1,142,True,False,True,WESTERN ELEMENTARY SCHOOL,18405000,3737,24051000,4054,0.1875,-2194347,-15453,False,True,,,
Anderson County,2100120,2021,1,467,False,False,False,APEX Academy,,,,,,,,,False,,,
Augusta Independent,2100180,2004,2,278,True,False,True,AUGUSTA ELEMENTARY SCHOOL; AUGUSTA HIGH SCHOOL,1866000,273,2691000,287,0.2139,-425785,-1532,True,True,,,
Barbourville Independent,2100240,2005,2,636,True,False,True,BARBOURVILLE ELEMENTARY; BARBOURVILLE HIGH SCHOOL,4622000,662,5053000,650,0.2574,758706,1193,True,True,,,
Bath County,2100330,2009,2,310,True,True,True,BETHEL ELEMENTARY SCHOOL; SALT LICK ELEMENTARY SCHOOL,16357000,2081,18010000,2131,0.0626,-628717,-2028,True,True,,,
Bell County,2100390,2000,6,1128,True,True,True,ARJAY EL; CUBAGE EL; HARMONY EL; PAGE EL; WARD CHAPEL EL; BELL CO MID,19058000,3246,22757000,3311,0.1769,-327110,-290,True,True,,,
Bell County,2100390,2001,1,183,True,True,False,BLACKMONT EL,19676000,3269,23838000,3188,0.1931,-363180,-1985,True,True,,,
Bourbon County,2100540,2006,1,119,True,True,True,MILLERSBURG ELEMENTARY SCHOOL,19839000,3017,24696000,2781,0.2005,-879644,-7392,True,True,,,
Boyd County,2100620,2023,1,39,False,False,False,Ramey-Estep High School,,,,,,,,,False,,,
Breathitt County,2100690,2013,1,99,True,True,False,ROUSSEAU ELEMENTARY SCHOOL,23420000,2315,21522000,2031,0.0374,2773357,28014,False,True,37.0,35.5,-8.0
Breathitt County,2100690,2018,1,286,False,False,True,Sebastian Middle School,21092000,1953,22324000,1827,0.1366,1650205,5770,True,True,,,
Breathitt County,2100690,2023,1,231,True,True,True,Marie Roberts-Caney Elementary School,,,,,,,,,False,,,
Breckinridge County,2100720,1997,2,299,True,False,False,MCQUADY EL; MILNER EL,17048000,2791,16425000,2735,0.1319,2872203,9606,True,True,,,
Burgin Independent,2100780,2014,1,261,True,False,True,BURGIN ELEMENTARY SCHOOL,3892000,460,4725000,516,0.0667,-573597,-2198,True,True,46.5,54.5,6.5
Butler County,2100810,2003,1,94,True,True,False,THIRD DISTRICT ELEMENTARY SCHOOL,14995000,2306,16806000,2267,0.2352,1716240,18258,False,True,,,
Butler County,2100810,2005,2,330,True,False,True,FIFTH DISTRICT ELEMENTARY SCHOOL; FOURTH DISTRICT ELEMENTARY SCHOOL,14332000,2255,18418000,2118,0.2574,-396934,-1203,True,True,,,
Butler County,2100810,2022,1,7,False,True,False,Green River School,,,,,,,,,False,,,
Calloway County,2100870,1998,1,31,True,False,False,MAYFIELD TREATMT CTR FOR BOYS,17517000,3208,19480000,3188,0.171,1031993,33290,False,True,,,
Campbell County,2100900,2005,1,147,True,True,True,A.J. JOLLY ELEMENTARY SCHOOL,31398000,4688,42304000,4878,0.2574,-2824134,-19212,False,True,,,
Carter County,2101020,2013,2,421,True,False,True,CARTER ELEMENTARY SCHOOL; UPPER TYGART ELEMENTARY SCHOOL,43779000,4863,42841000,4669,0.0374,2574306,6115,True,True,45.5,56.0,4.0
Casey County,2101050,2006,2,465,True,True,True,GARRETT ELEMENTARY SCHOOL; MIDDLEBURG ELEMENTARY SCHOOL,17471000,2534,21217000,2433,0.2005,-243384,-523,True,True,,,
Casey County,2101050,2007,3,469,True,True,True,DOUGLAS ELEMENTARY SCHOOL; PHELPS ELEMENTARY SCHOOL; PHILLIPS ELEMENTARY SCHOOL,19033000,2534,21249000,2361,0.1523,683095,1456,True,True,,,
Christian County,2101150,2015,4,1646,True,False,True,Belmont Elementary School; Holiday Elementary School; Lacy Elementary School; North Drive Middle School,84301000,9327,89531000,8835,0.1627,8488132,5157,True,True,41.0,42.5,-1.0
Clark County,2101200,2013,2,620,True,False,True,CENTRAL ELEMENTARY SCHOOL; FANNIE BUSH ELEMENTARY,46830000,5729,49872000,5548,0.0374,-1291659,-2083,True,True,50.5,55.0,-2.0
Clark County,2101200,2014,9,3808,True,False,True,CONKWRIGHT MIDDLE SCHOOL; HANNAH MCCLURE ELEMENTARY; PILOT VIEW ELEMENTARY SCHOOL; PROVIDENCE ELEMENTARY; SHEARER ELEMENTARY SCHOOL; TRAPP ELEMENTARY SCHOOL; STRODE STATION ELEMENTARY; CLARK MIDDLE SCHOOL; WILLIS H. JUSTICE ELEMENTARY SCHOOL,48042000,5772,50651000,5567,0.0667,593016,156,True,True,51.5,54.0,1.0
Clay County,2101230,2004,1,155,True,False,False,LAUREL CREEK ELEMENTARY SCHOOL,30749000,4247,34124000,3678,0.2139,3203497,20668,False,True,,,
Clay County,2101230,2007,1,217,True,False,False,HORSE CREEK ELEMENTARY SCHOOL,35438000,4049,37062000,3599,0.1523,3773894,17391,False,True,,,
Cloverport Independent,2101290,2020,3,340,True,False,True,Frederick Fraize High School; William H Natcher Elementary School; Frederick Fraize Middle School,,,,,,,,,False,,,
Corbin Independent,2101320,2007,1,8,False,False,True,CORBIN EAST SCHOOL,16504000,2334,21036000,2745,0.1523,-2018121,-252265,False,True,,,
Corbin Independent,2101320,2008,2,1162,True,False,True,CENTRAL PRIMARY SCHOOL; SOUTH ELEMENTARY SCHOOL,16872000,2379,21922000,2752,0.1356,-2761350,-2376,True,True,,,
Corbin Independent,2101320,2019,1,216,False,False,True,Corbin Intermediate,,,,,,,,,False,,,
Crittenden County,2101380,1998,2,171,True,False,False,FRANCES EL; TOLU EL,8222000,1569,9109000,1431,0.171,518768,3034,True,True,,,
Danville Independent,2101440,2018,3,958,True,False,True,Hogsett Elementary School; Toliver Elementary School; Jennie Rogers Elementary School,22591000,1924,24622000,1856,0.1366,1056042,1102,True,True,,,
Daviess County,2101470,2004,1,175,True,True,True,PHILPOT ELEMENTARY SCHOOL,77654000,10786,87635000,10881,0.2139,6632437,37900,False,True,,,
Daviess County,2101470,2008,1,251,True,False,True,UTICA ELEMENTARY SCHOOL,87635000,10881,101975000,11310,0.1356,-2452504,-9771,True,True,,,
Dawson Springs Independent,2101500,2007,2,399,False,False,True,DAWSON SPRINGS HIGH SCHOOL; DAWSON SPRINGS MIDDLE SCHOOL,5326000,716,6053000,722,0.1523,84253,211,True,True,,,
Edmonson County,2101620,2013,1,46,False,False,False,EDMONSON COUNTY GREAT ONYX HIGH SCHOOL,18136000,2094,18235000,1959,0.0374,578860,12584,True,True,51.5,58.0,0.0
Elizabethtown Independent,2101650,1997,1,187,True,False,False,VALLEY VIEW ELEM,9290000,2078,11000000,2202,0.1319,-484338,-2590,True,True,,,
Elliott County,2101680,2020,2,260,True,True,True,Isonville Elementary School; Lakeside Elementary School,,,,,,,,,False,,,
Eminence Independent,2101710,1999,1,159,True,False,False,EMINENCE MIDDLE,3052000,532,3589000,547,0.2045,87133,548,True,True,,,
Eminence Independent,2101710,2013,1,55,False,False,False,WHITNEY YOUNG,5840000,658,7390000,755,0.0374,-1331721,-24213,False,True,39.5,45.0,-1.0
Estill County,2101760,1995,1,15,True,False,False,ESTILL CO ALT SCHOOL,,,,,,,,,False,,,
Estill County,2101760,1998,4,872,True,False,True,IRVINE EL; HARGETT EL; RAVENNA EL; ESTILL SPRINGS MID,15125000,2749,15836000,2679,0.171,1875018,2150,True,True,,,
Fayette County,2101860,2003,1,13,True,False,True,BELLEWOOD PRESBYTERIAN HOME ALT SCH,240242000,33799,288726000,35321,0.2352,8027589,617507,False,True,,,
Fayette County,2101860,2006,1,365,True,False,True,ATHENS ELEMENTARY SCHOOL,271837000,35004,336274000,36110,0.2005,-9938660,-27229,False,True,,,
Fayette County,2101860,2008,1,513,True,False,True,LINLEE ELEMENTARY SCHOOL,299892000,34335,392645000,37819,0.1356,-52073308,-101507,False,True,,,
Fleming County,2101920,2023,1,180,True,True,False,E P Ward Elementary School,,,,,,,,,False,,,
Floyd County,2101950,1997,1,74,True,False,True,MAYTOWN EL,43864000,8144,42752000,7258,0.1319,6899132,93232,False,True,,,
Floyd County,2101950,1998,5,943,True,False,True,AUXIER EL; HAROLD EL; MARTIN MIDDLE SCHOOL; MELVIN EL; PRATER EL,42384000,8042,45658000,7237,0.171,3972663,4213,True,True,,,
Floyd County,2101950,2007,1,183,True,False,True,CHARLES CLARK ELEMENTARY SCHOOL,55252000,6819,61417000,6440,0.1523,2250950,12300,True,True,,,
Floyd County,2101950,2013,1,221,False,False,False,SOUTH FLOYD MIDDLE SCHOOL,61430000,6374,61723000,6052,0.0374,2003038,9064,True,True,46.5,64.0,11.0
Floyd County,2101950,2017,5,1536,True,True,True,Allen Central High School; McDowell Elementary School; W.D. Osborne Elementary School; James A. Duff Elementary School; Allen Central Middle School,61723000,6052,68566000,5865,0.1323,1321336,860,True,True,,,
Franklin County,2102010,2004,1,175,True,False,True,BALD KNOB ELEMENTARY SCHOOL,35900000,6025,44440000,5881,0.2139,-859489,-4911,True,True,,,
Fulton County,2102100,2006,1,269,True,False,True,FULTON COUNTY ELEMENTARY SCHOOL,6853000,726,6281000,612,0.2005,1945901,7234,True,True,,,
Fulton Independent,2102070,2007,2,431,True,False,True,CARR ELEMENTARY SCHOOL; FULTON CITY HIGH SCHOOL,4505000,464,5004000,467,0.1523,187199,434,True,True,,,
Glasgow Independent,2102220,2005,2,453,True,False,True,E B TERRY ELEMENTARY SCHOOL; HAPPY VALLEY ELEMENTARY SCHOOL,13539000,2051,16858000,2034,0.2574,165948,366,True,True,,,
Grant County,2102250,2015,1,27,False,False,False,Eagle Creek Academy,32600000,3914,38037000,3775,0.1627,-132068,-4891,True,True,41.5,44.5,0.5
Graves County,2102280,2013,1,11,False,False,False,GENESIS CENTER,39626000,4766,40422000,4532,0.0374,685081,62280,False,True,51.5,59.0,1.0
Graves County,2102280,2014,2,183,True,True,False,CUBA ELEMENTARY SCHOOL; NEW PATHWAYS FOR CHILDREN,39259000,4811,41743000,4411,0.0667,132626,725,True,True,56.0,62.5,5.0
Graves County,2102280,2021,1,239,True,True,False,Lowes Elementary School,,,,,,,,,False,,,
Green County,2102340,2009,3,770,True,True,True,GREENSBURG ELEMENTARY SCHOOL; PIERCE ELEMENTARY SCHOOL; SUMMERSVILLE ELEMENTARY SCHOOL,14387000,1668,16476000,1780,0.0626,-1188080,-1543,True,True,,,
Greenup County,2102400,2000,2,227,True,False,True,LYNN EL; WARNOCK EL,18176000,3444,20721000,3236,0.1769,670839,2955,True,True,,,
Greenup County,2102400,2004,1,181,False,False,False,MCKELL UPPER ELEMENTARY SCHOOL,20721000,3236,25177000,3057,0.2139,-22912,-127,True,True,,,
Hancock County,2102460,2005,2,491,True,False,True,HAWESVILLE ELEMENTARY SCHOOL; LEWISPORT ELEMENTARY SCHOOL,11693000,1623,14280000,1667,0.2574,422786,861,True,True,,,
Hardin County,2102490,1997,2,432,True,False,True,BROWN ST CENTER; COLLEGE ST CENTER,67617000,13367,72735000,13221,0.1319,3802949,8803,True,True,,,
Hardin County,2102490,2001,1,106,True,True,True,WESTERN EL,72735000,13221,87977000,13466,0.1931,-1199147,-11313,True,True,,,
Hardin County,2102490,2003,1,364,True,True,True,LYNNVALE ELEMENTARY SCHOOL,80418000,13288,105002000,14079,0.2352,-5667454,-15570,False,True,,,
Hardin County,2102490,2005,2,384,True,True,True,CREEKSIDE ELEMENTARY SCHOOL-SONORA; CREEKSIDE ELEMENTARY-UPTON CAMPUS,87977000,13466,114444000,13919,0.2574,-3821661,-9952,True,True,,,
Harlan County,2102540,1996,1,69,True,False,False,HOLMES MILL EL,,,,,,,,,False,,,
Harlan County,2102540,2001,3,854,True,True,False,CUMBERLAND MIDDLE; LOYALL EL; VERDA EL,31433000,5425,34903000,5014,0.1931,2598729,3043,True,True,,,
Harlan County,2102540,2008,3,1310,False,False,True,CUMBERLAND HIGH SCHOOL; EVARTS HIGH SCHOOL; JAMES A CAWOOD HIGH SCHOOL,36971000,4491,39947000,4171,0.1356,2039035,1557,True,True,,,
Harlan Independent,2102520,1997,1,272,True,False,False,HARLAN MIDDLE SCHOOL,4864000,920,5388000,894,0.1319,117725,433,True,True,,,
HARRODSBURG INDEPENDENT,2102610,2006,3,855,True,False,False,EVAN HARLOW ELEMENTARY SCHOOL; HARRODSBURG MIDDLE SCHOOL; HARRODSBURG HIGH SCHOOL,,,,,,,,,False,,,
Henderson County,2102710,2012,1,43,False,False,True,HENDERSON COUNTY ACADEMY,64333000,7195,75566000,7573,0.0197,-9964403,-231730,False,True,47.0,58.0,5.5
Hopkins County,2102860,1996,5,1691,True,False,True,CHARLESTON EL; DALTON EL; NEBO EL; SOUTH HOPKINS HS; WEST HOPKINS HS,,,,,,,,,False,,,
Hopkins County,2102860,2023,1,277,True,True,False,Earlington Elementary School,,,,,,,,,False,,,
Jackson Independent,2102910,1996,1,142,True,False,False,JACKSON IND MIDDLE SCH,,,,,,,,,False,,,
Jackson Independent,2102910,1998,2,365,True,False,True,JACKSON EL; JACKSON HS,2029000,252,2514000,482,0.171,-138089,-378,True,True,,,
Jenkins Independent,2103000,1997,2,409,True,False,True,JENKINS MS; JENKINS HS,4754000,764,3963000,547,0.1319,1418212,3468,True,True,,,
Jenkins Independent,2103000,1998,2,250,True,False,True,BURDINE EL; MCROBERTS EL,4486000,680,4082000,528,0.171,1171000,4684,True,True,,,
Jenkins Independent,2103000,2008,1,304,True,True,False,JENKINS ELEMENTARY SCHOOL,5243000,597,5792000,587,0.1356,162201,534,True,True,,,
Johnson County,2103060,2016,1,178,True,True,False,Meade Memorial Elementary School,37827000,3819,39175000,3582,0.1339,3715526,20874,False,True,57.5,55.5,-1.0
Kenton County,2103090,2003,1,138,True,False,False,VISALIA ELEMENTARY SCHOOL,74240000,12515,91762000,13326,0.2352,-58691,-425,True,True,,,
Knott County,2103120,2005,2,262,True,True,False,BECKHAM COMBS ELEMENTARY SCHOOL; CANEY CREEK ELEMENTARY SCHOOL,21740000,3016,23229000,2523,0.2574,4106891,15675,False,True,,,
Knott County,2103120,2008,1,115,False,False,True,CORDIA HIGH SCHOOL,18413000,2501,25272000,2547,0.1356,-4361317,-37924,False,True,,,
Knox County,2103150,2008,2,370,True,True,True,ARTEMUS ELEMENTARY SCHOOL; BOONE ELEMENTARY SCHOOL,42356000,4762,46790000,4720,0.1356,1311498,3545,True,True,,,
Knox County,2103150,2010,1,637,True,False,False,WEST KNOX COUNTY ELEMENTARY SCHOOL,43185000,4837,46278000,4538,0.0515,-867289,-1362,True,True,,,
LaRue County,2103180,1996,1,14,True,False,False,THE LIFE CONNECTION,,,,,,,,,False,,,
LaRue County,2103180,2006,2,412,True,True,True,BUFFALO ELEMENTARY SCHOOL; MAGNOLIA ELEMENTARY SCHOOL,16164000,2445,19588000,2435,0.2005,-183414,-445,True,True,,,
Lawrence County,2103240,2006,1,726,True,False,True,LOUISA ELEMENTARY SCHOOL,19645000,2686,21816000,2457,0.2005,1767463,2435,True,True,,,
Lee County,2103270,2015,1,275,True,False,True,Beattyville Elementary,9720000,1051,9934000,913,0.1627,1367716,4974,True,True,50.0,45.0,-7.5
Lee County,2103270,2016,2,522,False,False,True,Lee County High School; Lee County Middle School,9980000,1029,9812000,934,0.1339,1503924,2881,True,True,52.0,45.5,-5.5
Leslie County,2103330,2003,1,82,True,True,False,BEECH FORK ELEMENTARY SCHOOL,16125000,2403,18533000,2217,0.2352,1385048,16891,False,True,,,
Leslie County,2103330,2007,1,80,True,True,False,BIG CREEK ELEMENTARY SCHOOL,18533000,2217,18993000,1937,0.1523,2362935,29537,False,True,,,
Leslie County,2103330,2013,1,144,False,False,True,LESLIE COUNTY MIDDLE SCHOOL,19840000,1885,18031000,1820,0.0374,2550550,17712,False,True,36.0,49.5,7.0
Letcher County,2103360,1996,1,120,True,False,False,HEMPHILL EL,,,,,,,,,False,,,
Letcher County,2103360,1997,1,14,True,False,False,LETCHER CO ALT SCHOOL,21765000,4391,23617000,3884,0.1319,1019533,72824,False,True,,,
Letcher County,2103360,1998,1,74,True,False,False,CAMPBELLS BRANCH EL,22562000,4302,25795000,3761,0.171,624569,8440,True,True,,,
Letcher County,2103360,2005,3,1010,False,False,True,FLEMING NEON HIGH SCHOOL; LETCHER HIGH SCHOOL; WHITESBURG HIGH SCHOOL,27192000,3774,31950000,3307,0.2574,2241239,2219,True,True,,,
Letcher County,2103360,2007,1,67,True,True,False,KINGDOM COME SETTLEMENT ELEM SCHOOL,30621000,3533,31987000,3292,0.1523,3298171,49226,False,True,,,
Letcher County,2103360,2012,1,225,True,False,True,BECKHAM BATES ELEMENTARY SCHOOL,32867000,3354,32299000,3269,0.0197,1216112,5405,True,True,35.0,48.5,8.0
Letcher County,2103360,2021,1,276,True,False,True,Letcher Elementary School,,,,,,,,,False,,,
Lincoln County,2103480,2006,1,142,True,False,True,KINGS MOUNTAIN ELEMENTARY SCHOOL,34269000,4637,40075000,4075,0.2005,1064307,7495,True,True,,,
Lincoln County,2103480,2016,1,286,False,False,False,Lloyd Mcguffey Sixth Grade Center,40397000,4045,41252000,3773,0.1339,4552546,15918,False,True,46.0,44.5,-0.5
Lincoln County,2103480,2019,2,161,True,False,False,McKinney Elementary School; Fort Logan School,,,,,,,,,False,,,
Livingston County,2103510,1995,2,236,True,False,True,HAMPTON EL; SALEM EL,,,,,,,,,False,,,
Livingston County,2103510,2005,3,463,True,True,True,GRAND RIVERS ELEMENTARY SCHOOL; LEDBETTER ELEMENTARY SCHOOL; SMITHLAND ELEMENTARY SCHOOL,10295000,1398,10688000,1335,0.2574,2256940,4875,True,True,,,
Logan County,2103540,1996,9,1808,True,False,True,ADAIRVILLE EL; AUBURN EL; CHANDLERS EL; OLMSTEAD EL; ADAIRVILLE MID; AUBURN MID; CHANDLERS MID; LEWISBURG MIDDLE SCHOOL; OLMSTEAD MID,,,,,,,,,False,,,
Madison County,2103720,2014,1,314,True,False,True,MAYFIELD ELEMENTARY SCHOOL,93616000,11356,101659000,11877,0.0667,-1803461,-5744,True,True,52.0,54.0,0.5
Madison County,2103720,2015,1,15,False,False,False,Middle College at Eastern Kentucky,90252000,11603,111911000,11758,0.1627,-6972474,-464832,False,True,51.0,55.5,2.0
Madison County,2103720,2019,1,190,False,False,True,Model Laboratory Middle School,,,,,,,,,False,,,
Madison County,2103720,2020,2,703,True,False,True,Model Laboratory Elementary School; Model Laboratory High School,,,,,,,,,False,,,
Magoffin County,2103750,1999,1,122,True,False,False,MAGOFFIN ELEM,15203000,2788,17795000,2613,0.2045,517007,4238,True,True,,,
Magoffin County,2103750,2008,5,756,True,True,True,JOHN T ARNETT ELEMENTARY SCHOOL; MIDDLE FORK ELEMENTARY SCHOOL; MILLARD HENSLEY ELEMENTARY SCHOOL; PRATER BORDERS ELEMENTARY SCHOOL; SALYER ELEMENTARY SCHOOL,20590000,2357,24458000,2222,0.1356,-1075012,-1422,True,True,,,
Marion County,2103780,2017,1,257,False,False,True,Saint Charles Middle School,30206000,3255,36593000,3309,0.1323,-2391537,-9306,True,True,,,
Marshall County,2103810,2016,1,256,False,False,True,Benton Middle School,43816000,4924,49988000,4771,0.1339,-306786,-1198,True,True,55.0,45.0,-9.0
Marshall County,2103810,2021,1,12,False,False,False,Star Academy High School,,,,,,,,,False,,,
Martin County,2103840,1997,1,55,True,False,False,MOUTH OF TURKEY EL,15147000,2891,16870000,2650,0.1319,275397,5007,True,True,,,
Martin County,2103840,2000,2,341,True,False,True,GRASSY EL; TOMAHAWK EL,16099000,2745,18683000,2535,0.1769,264360,775,True,True,,,
Martin County,2103840,2002,1,203,True,True,True,TOMAHAWK ELEMENTARY SCHOOL,17911000,2221,18828000,3038,0.1875,2442009,12030,True,True,,,
Martin County,2103840,2004,1,130,True,True,False,MOUTH OF PIGEON ROOST ELEM SCHOOL,18683000,2535,19835000,2214,0.2139,2845075,21885,False,True,,,
Martin County,2103840,2013,2,477,False,False,True,INEZ MIDDLE SCHOOL; WARFIELD MIDDLE SCHOOL,22492000,2232,21559000,2092,0.0374,1773672,3718,True,True,37.5,41.5,-2.5
Mason County,2103870,1997,1,31,True,False,False,BUFFALO TRACE REG. ALT SCH,14650000,2813,16858000,2751,0.1319,-275174,-8877,True,True,,,
Mason County,2103870,2005,1,390,False,False,True,EARLE D JONES ELEMENTARY SCHOOL,18227000,2955,23308000,2780,0.2574,-389358,-998,True,True,,,
Mayfield Independent,2103900,2005,2,589,True,False,True,LONGFELLOW ELEMENTARY SCHOOL; SPARKS ELEMENTARY SCHOOL,11240000,1612,14375000,1574,0.2574,-241816,-411,True,True,,,
McCracken County,2103960,2013,3,1893,False,False,True,HEATH HIGH SCHOOL; LONE OAK HIGH SCHOOL; REIDLAND HIGH SCHOOL,58133000,7130,63026000,7076,0.0374,-2720192,-1437,True,True,55.5,62.5,0.5
McCracken County,2103960,2015,1,488,True,False,True,Farley Elementary School,58858000,6929,71711000,7088,0.1627,-3275156,-6711,True,True,61.5,63.0,-1.0
McCreary County,2103990,2005,6,1807,True,True,True,EAGLE ELEMENTARY SCHOOL; WHITLEY CITY MIDDLE SCHOOL; PINE KNOT ELEMENTARY SCHOOL; PINE KNOT MIDDLE SCHOOL; SMITHTOWN ELEMENTARY SCHOOL; STEARNS ELEMENTARY SCHOOL,25143000,3412,29715000,3247,0.2574,1899825,1051,True,True,,,
McCreary County,2103990,2014,1,55,False,False,False,PINE KNOT CAREER INSTITUTE,29302000,3087,29814000,2974,0.0667,1440989,26200,False,True,40.0,49.0,7.5
McCreary County,2103990,2020,1,75,False,False,False,McCreary Academy,,,,,,,,,False,,,
McLean County,2104020,1995,1,84,True,False,True,ISLAND EL,,,,,,,,,False,,,
Meade County,2104050,1997,1,259,True,False,True,CENTRAL EL,18517000,4330,23083000,4717,0.1319,-2122987,-8197,True,True,,,
Meade County,2104050,2012,1,83,True,True,False,BATTLETOWN ELEMENTARY SCHOOL,40400000,5158,41119000,5078,0.0197,77657,936,True,True,53.5,55.5,-3.5
Meade County,2104050,2023,1,9,False,False,False,Brandenburg High School,,,,,,,,,False,,,
Menifee County,2104080,2009,1,259,False,False,False,MENIFEE COUNTY MIDDLE SCHOOL,10322000,1112,11439000,1108,0.0626,-470632,-1817,True,True,,,
Menifee County,2104080,2021,2,631,True,False,True,Botts Elementary School; Menifee Elementary School,,,,,,,,,False,,,
Mercer County,2104110,2006,1,717,False,False,True,MERCER COUNTY HIGH SCHOOL,15119000,2367,28345000,3246,0.2005,-10194917,-14219,False,True,,,
Mercer County,2104110,2007,1,193,False,False,True,HARRODSBURG MIDDLE SCHOOL,16474000,2395,28849000,3197,0.1523,-9865691,-51118,False,True,,,
Mercer County,2104110,2010,1,720,True,False,True,EVAN HARLOW ELEMENTARY SCHOOL,28345000,3246,25968000,3034,0.0515,3837872,5330,True,True,,,
Metcalfe County,2104140,2012,1,125,False,False,True,METCALFE 6TH GRADE CENTER,17111000,1672,16850000,1655,0.0197,598416,4787,True,True,47.0,46.5,-6.0
Metcalfe County,2104140,2013,3,817,True,True,True,EDMONTON ELEMENTARY SCHOOL; NORTH METCALFE ELEMENTARY SCHOOL; SUMMER SHADE ELEMENTARY SCHOOL,17028000,1637,15990000,1660,0.0374,1674447,2050,True,True,47.5,43.5,-10.5
Metcalfe County,2104140,2014,1,450,True,False,False,METCALFE COUNTY PRIMARY CENTER,16805000,1632,16662000,1657,0.0667,1263059,2807,True,True,48.0,40.0,-9.5
Monroe County,2104200,2016,1,17,False,False,False,Falcon Academy,19451000,1882,22825000,1804,0.1339,-770287,-45311,False,True,55.5,61.5,7.0
Montgomery County,2104250,2018,1,737,False,False,True,Montgomery County Intermediate School,45709000,4901,46413000,4460,0.1366,5542099,7520,True,True,,,
Montgomery County,2104250,2019,1,20,False,True,False,Hope Hill Childrens Home,,,,,,,,,False,,,
MONTICELLO INDEPENDENT,2104260,2013,3,812,True,False,False,MONTICELLO MIDDLE SCHOOL; MONTICELLO HIGH SCHOOL; MONTICELLO ELEMENTARY SCHOOL,,,,,,,,,False,,,
Morgan County,2104290,1996,1,145,True,False,True,CROCKETT EL,,,,,,,,,False,,,
Morgan County,2104290,2007,2,242,True,True,True,CANNEL CITY ELEMENTARY SCHOOL; WRIGLEY ELEMENTARY SCHOOL,18934000,2326,18798000,2125,0.1523,3020015,12479,True,True,,,
Muhlenberg County,2100081,2004,2,345,True,True,True,GRAHAM ELEMENTARY SCHOOL; LAKE MALONE ELEMENTARY SCHOOL,34794000,5316,42647000,5174,0.2139,-409109,-1186,True,True,,,
Muhlenberg County,2100081,2005,2,594,True,True,True,DRAKESBORO CONSOLIDATED ELEM SCHOOL; HUGHES KIRK ELEMENTARY SCHOOL,36749000,5376,47305000,5217,0.2574,-1096783,-1846,True,True,,,
Muhlenberg County,2100081,2009,2,1426,False,False,True,MUHLENBERG NORTH HIGH SCHOOL; MUHLENBERG SOUTH HIGH SCHOOL,47305000,5217,52941000,5302,0.0626,-2673740,-1875,True,True,,,
Muhlenberg County,2100081,2013,1,91,False,False,False,MUHLENBERG CAREER HIGH SCHOOL,52941000,5302,45883000,5023,0.0374,9036749,99305,False,True,47.0,53.0,-0.5
Nelson County,2104410,2000,3,379,True,False,False,NEW HAVEN EL; NEW HAVEN MIDDLE; NELSON CO CHOICE CTR,22791000,4579,28427000,4850,0.1769,-1603639,-4231,True,True,,,
Nelson County,2104410,2002,1,28,False,False,True,NEW HORIZONS HIGH SCHOOL,25967000,4265,31290000,4837,0.1875,-453178,-16185,False,True,,,
Nelson County,2104410,2004,2,352,True,True,True,CHAPLIN ELEMENTARY SCHOOL; ELI H BROWN JR ELEMENTARY SCHOOL,28427000,4850,35834000,4726,0.2139,-1325276,-3765,True,True,,,
Oldham County,2104530,2014,1,345,True,False,False,LIBERTY ELEMENTARY SCHOOL,101362000,12066,110895000,12471,0.0667,-2777187,-8050,True,True,63.5,64.5,-0.5
Owen County,2104560,1996,1,11,True,False,False,OWEN CO ALT SCHOOL,,,,,,,,,False,,,
Paducah Independent,2104650,2007,1,208,True,False,False,COOPER WHITESIDE ELEMENTARY SCHOOL,26799000,3406,31937000,2998,0.1523,-1055993,-5077,True,True,,,
Paintsville Independent,2104680,1996,1,129,True,False,False,PAINTSVILLE MID,,,,,,,,,False,,,
Pendleton County,2104740,1997,1,441,True,False,True,PENDLETON CO MID,13000000,2709,14935000,3048,0.1319,-219864,-499,True,True,,,
Perry County,2104770,1995,1,894,True,False,True,M C NAPIER HS,,,,,,,,,False,,,
Perry County,2104770,2009,1,101,True,True,False,LOST CREEK ELEMENTARY SCHOOL,39599000,4351,41212000,4373,0.0626,866707,8581,True,True,,,
Perry County,2104770,2013,2,675,True,True,True,DENNIS C WOOTON ELEMENTARY SCHOOL; BIG CREEK ELEMENTARY SCHOOL,41212000,4373,42356000,4235,0.0374,396360,587,True,True,38.0,49.5,5.0
Perry County,2104770,2017,3,825,True,True,True,Chavies Elementary School; A.B. Combs Elementary School; Willard Elementary School,42356000,4235,44953000,4052,0.1323,3005590,3643,True,True,,,
Perry County,2104770,2023,1,102,True,True,False,Leatherwood Elementary School,,,,,,,,,False,,,
Pike County,2104800,1996,5,893,True,False,True,BRUSHY EL; SOUTH WILLIAMSON EL; SYCAMORE EL; TURKEY CREEK EL; VARNEY EL,,,,,,,,,False,,,
Pike County,2104800,2002,5,1310,True,True,True,ELKHORN CITY HIGH SCHOOL; FEDS CREEK HIGH SCHOOL; GREASY CREEK ELEMENTARY SCHOOL; LOOKOUT ELEMENTARY SCHOOL; MILLARD HIGH SCHOOL,68116000,10457,77131000,10390,0.1875,3759399,2870,True,True,,,
Pike County,2104800,2004,2,373,True,True,True,GRAPEVINE ELEMENTARY SCHOOL; JACKSON ROWE ELEMENTARY SCHOOL,72697000,10625,82271000,9738,0.2139,5978928,16029,False,True,,,
Pike County,2104800,2005,1,205,False,True,True,TURKEY CREEK MIDDLE SCHOOL,72839000,10533,88139000,10033,0.2574,3448807,16823,False,True,,,
Pike County,2104800,2009,1,487,False,False,True,MILLARD MIDDLE SCHOOL,88139000,10033,89001000,9886,0.0626,4657303,9563,True,True,,,
Pike County,2104800,2010,3,871,True,True,True,GEORGE F JOHNSON ELEMENTARY SCHOOL; ROBINSON CREEK ELEMENTARY SCHOOL; VIRGIE MIDDLE SCHOOL,87315000,9977,88648000,9612,0.0515,3167126,3636,True,True,,,
Pike County,2104800,2011,1,161,True,True,False,RUNYON ELEMENTARY SCHOOL,,,,,,,,,False,,,
Pike County,2104800,2014,1,123,True,True,False,MAJESTIC KNOX CREEK ELEMENTARY SCHOOL,88648000,9612,90441000,8826,0.0667,4115420,33459,False,True,46.5,56.0,8.0
Pike County,2104800,2017,1,100,True,True,True,Blackberry Elementary School,91104000,9050,94863000,8492,0.1323,8291673,82917,False,True,,,
Pineville Independent,2104860,2014,2,508,True,False,True,PINEVILLE ELEMENTARY SCHOOL; PINEVILLE HIGH SCHOOL,5355000,557,4662000,545,0.0667,1049913,2067,True,True,39.5,39.5,-1.5
PROVIDENCE INDEPENDENT,2104920,2006,1,267,True,False,True,BROADWAY ELEMENTARY SCHOOL,,,,,,,,,False,,,
Robertson County,2105040,2010,1,176,False,False,False,DEMING HIGH SCHOOL,3826000,403,3847000,358,0.0515,176188,1001,True,True,,,
Rowan County,2105100,2001,1,144,True,True,False,FARMERS EL,19483000,3152,21010000,3113,0.1931,2234558,15518,False,True,,,
Rowan County,2105100,2005,1,422,True,False,True,MOREHEAD ELEMENTARY SCHOOL,21010000,3113,26435000,3286,0.2574,-17012,-40,True,True,,,
Russell County,2105160,1997,1,25,True,False,False,CUMBERLAND ALT SCH,14688000,2789,15336000,2770,0.1319,1289840,51594,False,True,,,
Russell County,2105160,2013,1,149,True,False,False,UNION CHAPEL ELEMENTARY SCHOOL,27663000,2984,28929000,3014,0.0374,-232054,-1557,True,True,45.0,53.0,1.5
Russellville Independent,2105190,2008,1,125,False,False,False,RUSSELLVILLE MIDDLE SCHOOL,9482000,1084,10288000,1108,0.1356,480213,3842,True,True,,,
Shelby County,2105320,2002,1,280,False,False,True,NORTHSIDE ELEMENTARY SCHOOL,28796000,5142,38147000,5755,0.1875,-3950630,-14109,False,True,,,
Somerset Independent,2105430,1999,1,264,True,False,False,MEMORIAL EL,9161000,1663,9316000,1601,0.2045,1718421,6509,True,True,,,
Taylor County,2105520,2003,1,81,True,True,False,MANNSVILLE ELEMENTARY SCHOOL,15610000,2643,19482000,2709,0.2352,-200095,-2470,True,True,,,
Todd County,2105550,1997,1,11,True,False,False,PENNYRILE ACC. LRNG. SCHOOL,9251000,1998,10847000,2099,0.1319,-375483,-34135,False,True,,,
Trimble County,2105610,2018,2,567,False,False,True,Trimble County Middle School; Trimble County High School,12751000,1290,12320000,1122,0.1366,2173414,3833,True,True,,,
Union County,2105640,2013,2,59,False,False,False,EARLE C CLEMENTS VICTORY TECH HS; CLEMENTS VICTORY TECHNICAL HS #2,23136000,2369,23054000,2261,0.0374,946743,16046,False,True,44.5,47.0,-4.0
Warren County,2105730,2011,1,11,False,False,True,BEACON ACADEMY,105041000,13627,114337000,14531,0.0024,-9047650,-822514,False,True,,,
Washington County,2105760,1999,2,458,True,True,True,MACKVILLE EL; WILLISBURG EL,8931000,1770,11230000,1935,0.2045,-472614,-1032,True,True,,,
Washington County,2105760,2007,1,48,False,False,False,CARE ACADEMY INC.,14139000,1977,16280000,1724,0.1523,12644,263,True,True,,,
Washington County,2105760,2009,1,75,True,False,False,FREDERICKTOWN ELEMENTARY SCHOOL,16067000,1786,16399000,1707,0.0626,674123,8988,True,True,,,
Wayne County,2105790,1995,3,268,True,False,True,POWERSBURG EL; ROCKY BRANCH EL; SINKING CONSOLIDATED EL,,,,,,,,,False,,,
Wayne County,2105790,2007,1,381,False,False,True,A J LLOYD MIDDLE SCHOOL,22129000,2734,23687000,2614,0.1523,1812675,4758,True,True,,,
Wayne County,2105790,2012,1,368,False,False,True,TURNER INTERMEDIATE SCHOOL,23841000,2618,32372000,3438,0.0197,-8060874,-21905,False,True,39.5,42.5,-2.5
Webster County,2105820,1997,1,8,True,False,False,WEBSTER CO ALT SCHOOL,10456000,2092,11093000,1987,0.1319,742497,92812,False,True,,,
Webster County,2105820,2012,1,172,True,True,False,SLAUGHTERS ELEMENTARY SCHOOL,19693000,2220,19475000,2301,0.0197,606331,3525,True,True,41.5,45.0,-2.0
West Point Independent,2105850,2020,1,149,True,False,False,West Point Elementary School,,,,,,,,,False,,,
Whitley County,2105880,2007,2,242,True,True,True,NEVISDALE ELEMENTARY SCHOOL; POPLAR CREEK ELEMENTARY SCHOOL,40267000,5005,45563000,4842,0.1523,837444,3461,True,True,,,
Williamsburg Independent,2105910,2014,1,5,False,False,False,WILLIAMSBURG CENTER OF PROGRESSIVE ED,7712000,835,8129000,819,0.0667,97008,19402,False,True,40.5,40.5,-1.5
