year,leaid,district,math_pct_prof_midpt,read_pct_prof_midpt
2009,2100030,Adair County,64.0,69.0
2009,2100070,Allen County,67.0,73.0
2009,2100081,Muhlenberg County,73.0,78.0
2009,2100090,Anchorage Independent,94.0,93.0
2009,2100120,Anderson County,63.0,74.0
2009,2100150,Ashland Independent,59.0,73.0
2009,2100180,Augusta Independent,57.0,62.0
2009,2100210,Ballard County,70.0,78.0
2009,2100240,Barbourville Independent,59.0,71.0
2009,2100270,Bardstown Independent,54.0,67.0
2009,2100300,Barren County,66.0,71.0
2009,2100330,Bath County,58.0,66.0
2009,2100360,Beechwood Independent,79.0,85.0
2009,2100390,Bell County,64.0,73.0
2009,2100420,Bellevue Independent,53.0,64.0
2009,2100480,Berea Independent,55.0,65.0
2009,2100510,Boone County,72.0,80.0
2009,2100540,Bourbon County,66.0,75.0
2009,2100570,Bowling Green Independent,66.0,72.0
2009,2100620,Boyd County,59.0,73.0
2009,2100630,Boyle County,71.0,82.0
2009,2100660,Bracken County,61.0,73.0
2009,2100690,Breathitt County,72.0,73.0
2009,2100720,Breckinridge County,66.0,72.0
2009,2100750,Bullitt County,65.0,72.0
2009,2100780,Burgin Independent,58.0,75.0
2009,2100810,Butler County,59.0,74.0
2009,2100840,Caldwell County,70.0,75.0
2009,2100870,Calloway County,71.0,78.0
2009,2100900,Campbell County,72.0,78.0
2009,2100930,Campbellsville Independent,70.0,70.0
2009,2100960,Carlisle County,54.0,65.0
2009,2100990,Carroll County,63.0,71.0
2009,2101020,Carter County,62.0,67.0
2009,2101050,Casey County,67.0,72.0
2009,2101110,Caverna Independent,48.0,64.0
2009,2101150,Christian County,61.0,67.0
2009,2101200,Clark County,63.0,71.0
2009,2101230,Clay County,60.0,64.0
2009,2101260,Clinton County,57.0,70.0
2009,2101290,Cloverport Independent,77.0,87.0
2009,2101320,Corbin Independent,74.0,80.0
2009,2101350,Covington Independent,48.0,53.0
2009,2101380,Crittenden County,63.0,73.0
2009,2101410,Cumberland County,53.0,68.0
2009,2101440,Danville Independent,63.0,73.0
2009,2101470,Daviess County,71.0,82.0
2009,2101500,Dawson Springs Independent,53.0,67.0
2009,2101530,Dayton Independent,46.0,57.0
2009,2101590,East Bernstadt Independent,63.0,72.0
2009,2101620,Edmonson County,65.0,71.0
2009,2101650,Elizabethtown Independent,63.0,75.0
2009,2101680,Elliott County,43.0,55.0
2009,2101710,Eminence Independent,54.0,74.0
2009,2101740,Erlanger-Elsmere Independent,64.0,71.0
2009,2101760,Estill County,62.0,67.0
2009,2101800,Fairview Independent,55.0,63.0
2009,2101860,Fayette County,73.0,78.0
2009,2101920,Fleming County,63.0,70.0
2009,2101950,Floyd County,70.0,74.0
2009,2101980,Frankfort Independent,58.0,62.0
2009,2102010,Franklin County,62.0,72.0
2009,2102040,Fort Thomas Independent,83.0,88.0
2009,2102070,Fulton Independent,46.0,61.0
2009,2102100,Fulton County,68.0,78.0
2009,2102130,Gallatin County,57.0,65.0
2009,2102160,Garrard County,64.0,68.0
2009,2102220,Glasgow Independent,71.0,79.0
2009,2102250,Grant County,67.0,70.0
2009,2102280,Graves County,74.0,82.0
2009,2102300,Grayson County,69.0,73.0
2009,2102340,Green County,65.0,70.0
2009,2102400,Greenup County,55.0,63.0
2009,2102460,Hancock County,71.0,83.0
2009,2102490,Hardin County,60.0,71.0
2009,2102520,Harlan Independent,73.0,79.0
2009,2102540,Harlan County,61.0,74.0
2009,2102580,Harrison County,65.0,71.0
2009,2102640,Hart County,70.0,77.0
2009,2102670,Hazard Independent,65.0,72.0
2009,2102710,Henderson County,69.0,81.0
2009,2102760,Henry County,61.0,69.0
2009,2102790,Hickman County,57.0,75.0
2009,2102860,Hopkins County,65.0,73.0
2009,2102910,Jackson Independent,72.0,72.0
2009,2102940,Jackson County,62.0,66.0
2009,2102990,Jefferson County,52.0,63.0
2009,2103000,Jenkins Independent,45.0,52.0
2009,2103030,Jessamine County,69.0,73.0
2009,2103060,Johnson County,74.0,79.0
2009,2103090,Kenton County,67.0,73.0
2009,2103120,Knott County,59.0,67.0
2009,2103150,Knox County,60.0,64.0
2009,2103180,LaRue County,71.0,73.0
2009,2103210,Laurel County,70.0,74.0
2009,2103240,Lawrence County,49.0,65.0
2009,2103270,Lee County,49.0,62.0
2009,2103330,Leslie County,63.0,78.0
2009,2103360,Letcher County,66.0,67.0
2009,2103390,Lewis County,61.0,64.0
2009,2103480,Lincoln County,63.0,70.0
2009,2103510,Livingston County,63.0,67.0
2009,2103540,Logan County,70.0,76.0
2009,2103630,Ludlow Independent,60.0,68.0
2009,2103690,Lyon County,68.0,79.0
2009,2103720,Madison County,65.0,75.0
2009,2103750,Magoffin County,66.0,70.0
2009,2103780,Marion County,69.0,75.0
2009,2103810,Marshall County,67.0,80.0
2009,2103840,Martin County,56.0,64.0
2009,2103870,Mason County,67.0,75.0
2009,2103900,Mayfield Independent,66.0,74.0
2009,2103960,McCracken County,70.0,78.0
2009,2103990,McCreary County,63.0,72.0
2009,2104020,McLean County,70.0,80.0
2009,2104050,Meade County,67.0,79.0
2009,2104080,Menifee County,51.0,66.0
2009,2104110,Mercer County,61.0,68.0
2009,2104140,Metcalfe County,65.0,67.0
2009,2104170,Middlesboro Independent,57.0,69.0
2009,2104200,Monroe County,69.0,75.0
2009,2104250,Montgomery County,59.0,68.0
2009,2104260,MONTICELLO INDEPENDENT,53.0,64.0
2009,2104290,Morgan County,65.0,74.0
2009,2104380,Murray Independent,73.0,81.0
2009,2104410,Nelson County,58.0,69.0
2009,2104440,Newport Independent,53.0,57.0
2009,2104470,Nicholas County,56.0,64.0
2009,2104500,Ohio County,70.0,73.0
2009,2104530,Oldham County,77.0,80.0
2009,2104560,Owen County,64.0,70.0
2009,2104590,Owensboro Independent,73.0,78.0
2009,2104620,Owsley County,66.0,70.0
2009,2104650,Paducah Independent,54.0,65.0
2009,2104680,Paintsville Independent,64.0,75.0
2009,2104710,Paris Independent,59.0,73.0
2009,2104740,Pendleton County,70.0,73.0
2009,2104770,Perry County,73.0,76.0
2009,2104800,Pike County,65.0,73.0
2009,2104830,Pikeville Independent,71.0,81.0
2009,2104860,Pineville Independent,58.0,72.0
2009,2104890,Powell County,58.0,67.0
2009,2104950,Pulaski County,70.0,75.0
2009,2104980,Raceland-Worthington Independent,50.0,65.0
2009,2105040,Robertson County,57.0,62.0
2009,2105070,Rockcastle County,73.0,80.0
2009,2105100,Rowan County,63.0,70.0
2009,2105130,Russell Independent,69.0,77.0
2009,2105160,Russell County,70.0,76.0
2009,2105190,Russellville Independent,49.0,63.0
2009,2105220,Science Hill Independent,80.0,91.0
2009,2105260,Scott County,67.0,75.0
2009,2105320,Shelby County,66.0,72.0
2009,2105370,Silver Grove Independent,47.0,62.0
2009,2105400,Simpson County,63.0,75.0
2009,2105430,Somerset Independent,58.0,76.0
2009,2105460,Southgate Independent,62.0,77.0
2009,2105490,Spencer County,65.0,71.0
2009,2105520,Taylor County,67.0,74.0
2009,2105550,Todd County,64.0,67.0
2009,2105580,Trigg County,71.0,76.0
2009,2105610,Trimble County,56.0,67.0
2009,2105640,Union County,62.0,75.0
2009,2105700,Walton-Verona Independent,72.0,79.0
2009,2105730,Warren County,64.0,73.0
2009,2105760,Washington County,65.0,72.0
2009,2105790,Wayne County,69.0,80.0
2009,2105820,Webster County,64.0,68.0
2009,2105850,West Point Independent,57.0,57.0
2009,2105880,Whitley County,71.0,79.0
2009,2105910,Williamsburg Independent,67.0,80.0
2009,2105940,Williamstown Independent,64.0,73.0
2009,2105970,Wolfe County,65.0,70.0
2009,2106000,Woodford County,67.0,75.0
2010,2100030,Adair County,71.0,72.0
2010,2100070,Allen County,67.0,73.0
2010,2100081,Muhlenberg County,74.0,75.0
2010,2100090,Anchorage Independent,93.0,91.0
2010,2100120,Anderson County,69.0,77.0
2010,2100150,Ashland Independent,61.0,70.0
2010,2100180,Augusta Independent,52.0,67.0
2010,2100210,Ballard County,67.0,78.0
2010,2100240,Barbourville Independent,55.0,67.0
2010,2100270,Bardstown Independent,55.0,67.0
2010,2100300,Barren County,68.0,73.0
2010,2100330,Bath County,63.0,68.0
2010,2100360,Beechwood Independent,82.0,87.0
2010,2100390,Bell County,68.0,75.0
2010,2100420,Bellevue Independent,57.0,73.0
2010,2100480,Berea Independent,57.0,67.0
2010,2100510,Boone County,72.0,78.0
2010,2100540,Bourbon County,67.0,74.0
2010,2100570,Bowling Green Independent,67.0,73.0
2010,2100620,Boyd County,62.0,75.0
2010,2100630,Boyle County,68.0,80.0
2010,2100660,Bracken County,63.0,75.0
2010,2100690,Breathitt County,69.0,74.0
2010,2100720,Breckinridge County,70.0,76.0
2010,2100750,Bullitt County,67.0,71.0
2010,2100780,Burgin Independent,55.0,63.0
2010,2100810,Butler County,59.0,72.0
2010,2100840,Caldwell County,70.0,76.0
2010,2100870,Calloway County,72.0,77.0
2010,2100900,Campbell County,75.0,78.0
2010,2100930,Campbellsville Independent,66.0,69.0
2010,2100960,Carlisle County,64.0,68.0
2010,2100990,Carroll County,62.0,68.0
2010,2101020,Carter County,66.0,72.0
2010,2101050,Casey County,72.0,76.0
2010,2101110,Caverna Independent,53.0,60.0
2010,2101150,Christian County,65.0,72.0
2010,2101200,Clark County,66.0,72.0
2010,2101230,Clay County,65.0,70.0
2010,2101260,Clinton County,62.0,69.0
2010,2101290,Cloverport Independent,77.0,82.0
2010,2101320,Corbin Independent,78.0,86.0
2010,2101350,Covington Independent,48.0,53.0
2010,2101380,Crittenden County,65.0,71.0
2010,2101410,Cumberland County,58.0,64.0
2010,2101440,Danville Independent,71.0,75.0
2010,2101470,Daviess County,70.0,79.0
2010,2101500,Dawson Springs Independent,62.0,67.0
2010,2101530,Dayton Independent,43.0,53.0
2010,2101590,East Bernstadt Independent,58.0,67.0
2010,2101620,Edmonson County,71.0,79.0
2010,2101650,Elizabethtown Independent,64.0,73.0
2010,2101680,Elliott County,50.0,61.0
2010,2101710,Eminence Independent,57.0,72.0
2010,2101740,Erlanger-Elsmere Independent,61.0,65.0
2010,2101760,Estill County,64.0,67.0
2010,2101800,Fairview Independent,58.0,66.0
2010,2101860,Fayette County,73.0,77.0
2010,2101920,Fleming County,58.0,64.0
2010,2101950,Floyd County,70.0,74.0
2010,2101980,Frankfort Independent,64.0,70.0
2010,2102010,Franklin County,62.0,70.0
2010,2102040,Fort Thomas Independent,83.0,87.0
2010,2102070,Fulton Independent,47.0,67.0
2010,2102100,Fulton County,59.0,70.0
2010,2102130,Gallatin County,57.0,66.0
2010,2102160,Garrard County,67.0,71.0
2010,2102220,Glasgow Independent,71.0,79.0
2010,2102250,Grant County,64.0,69.0
2010,2102280,Graves County,76.0,81.0
2010,2102300,Grayson County,73.0,74.0
2010,2102340,Green County,68.0,73.0
2010,2102400,Greenup County,56.0,66.0
2010,2102460,Hancock County,74.0,84.0
2010,2102490,Hardin County,65.0,71.0
2010,2102520,Harlan Independent,76.0,82.0
2010,2102540,Harlan County,65.0,73.0
2010,2102580,Harrison County,71.0,72.0
2010,2102640,Hart County,71.0,75.0
2010,2102670,Hazard Independent,66.0,74.0
2010,2102710,Henderson County,73.0,81.0
2010,2102760,Henry County,66.0,70.0
2010,2102790,Hickman County,56.0,70.0
2010,2102860,Hopkins County,66.0,70.0
2010,2102910,Jackson Independent,67.0,72.0
2010,2102940,Jackson County,59.0,65.0
2010,2102990,Jefferson County,56.0,63.0
2010,2103000,Jenkins Independent,51.0,62.0
2010,2103030,Jessamine County,70.0,73.0
2010,2103060,Johnson County,74.0,81.0
2010,2103090,Kenton County,69.0,74.0
2010,2103120,Knott County,65.0,73.0
2010,2103150,Knox County,58.0,62.0
2010,2103180,LaRue County,71.0,78.0
2010,2103210,Laurel County,69.0,72.0
2010,2103240,Lawrence County,55.0,68.0
2010,2103270,Lee County,52.0,68.0
2010,2103330,Leslie County,67.0,79.0
2010,2103360,Letcher County,64.0,67.0
2010,2103390,Lewis County,61.0,63.0
2010,2103480,Lincoln County,61.0,69.0
2010,2103510,Livingston County,56.0,63.0
2010,2103540,Logan County,73.0,77.0
2010,2103630,Ludlow Independent,58.0,65.0
2010,2103690,Lyon County,72.0,80.0
2010,2103720,Madison County,66.0,74.0
2010,2103750,Magoffin County,72.0,72.0
2010,2103780,Marion County,74.0,76.0
2010,2103810,Marshall County,71.0,83.0
2010,2103840,Martin County,64.0,74.0
2010,2103870,Mason County,73.0,77.0
2010,2103900,Mayfield Independent,69.0,70.0
2010,2103960,McCracken County,71.0,77.0
2010,2103990,McCreary County,68.0,72.0
2010,2104020,McLean County,72.0,80.0
2010,2104050,Meade County,70.0,79.0
2010,2104080,Menifee County,52.0,70.0
2010,2104110,Mercer County,60.0,67.0
2010,2104140,Metcalfe County,73.0,69.0
2010,2104170,Middlesboro Independent,57.0,70.0
2010,2104200,Monroe County,71.0,75.0
2010,2104250,Montgomery County,61.0,67.0
2010,2104260,MONTICELLO INDEPENDENT,51.0,63.0
2010,2104290,Morgan County,66.0,75.0
2010,2104380,Murray Independent,79.0,82.0
2010,2104410,Nelson County,62.0,69.0
2010,2104440,Newport Independent,47.0,50.0
2010,2104470,Nicholas County,61.0,65.0
2010,2104500,Ohio County,69.0,72.0
2010,2104530,Oldham County,78.0,83.0
2010,2104560,Owen County,69.0,73.0
2010,2104590,Owensboro Independent,75.0,81.0
2010,2104620,Owsley County,54.0,69.0
2010,2104650,Paducah Independent,54.0,64.0
2010,2104680,Paintsville Independent,62.0,77.0
2010,2104710,Paris Independent,56.0,68.0
2010,2104740,Pendleton County,70.0,76.0
2010,2104770,Perry County,62.0,70.0
2010,2104800,Pike County,65.0,74.0
2010,2104830,Pikeville Independent,71.0,82.0
2010,2104860,Pineville Independent,56.0,71.0
2010,2104890,Powell County,65.0,69.0
2010,2104950,Pulaski County,71.0,75.0
2010,2104980,Raceland-Worthington Independent,55.0,64.0
2010,2105040,Robertson County,57.0,62.0
2010,2105070,Rockcastle County,69.0,77.0
2010,2105100,Rowan County,63.0,69.0
2010,2105130,Russell Independent,73.0,76.0
2010,2105160,Russell County,67.0,76.0
2010,2105190,Russellville Independent,54.0,64.0
2010,2105220,Science Hill Independent,78.0,85.0
2010,2105260,Scott County,70.0,76.0
2010,2105320,Shelby County,70.0,75.0
2010,2105370,Silver Grove Independent,47.0,52.0
2010,2105400,Simpson County,63.0,72.0
2010,2105430,Somerset Independent,62.0,78.0
2010,2105460,Southgate Independent,67.0,72.0
2010,2105490,Spencer County,67.0,68.0
2010,2105520,Taylor County,77.0,79.0
2010,2105550,Todd County,66.0,65.0
2010,2105580,Trigg County,71.0,74.0
2010,2105610,Trimble County,56.0,67.0
2010,2105640,Union County,69.0,75.0
2010,2105700,Walton-Verona Independent,72.0,76.0
2010,2105730,Warren County,66.0,72.0
2010,2105760,Washington County,63.0,71.0
2010,2105790,Wayne County,69.0,80.0
2010,2105820,Webster County,66.0,71.0
2010,2105850,West Point Independent,47.0,52.0
2010,2105880,Whitley County,74.0,79.0
2010,2105910,Williamsburg Independent,64.0,72.0
2010,2105940,Williamstown Independent,66.0,67.0
2010,2105970,Wolfe County,65.0,76.0
2010,2106000,Woodford County,70.0,76.0
2011,2100030,Adair County,45.0,45.0
2011,2100070,Allen County,39.0,47.0
2011,2100081,Muhlenberg County,39.0,48.0
2011,2100090,Anchorage Independent,80.0,79.0
2011,2100120,Anderson County,45.0,50.0
2011,2100150,Ashland Independent,40.0,55.0
2011,2100180,Augusta Independent,27.0,32.0
2011,2100210,Ballard County,43.0,50.0
2011,2100240,Barbourville Independent,23.0,43.0
2011,2100270,Bardstown Independent,27.0,42.0
2011,2100300,Barren County,45.0,49.0
2011,2100330,Bath County,39.0,47.0
2011,2100360,Beechwood Independent,63.0,74.0
2011,2100390,Bell County,32.0,48.0
2011,2100420,Bellevue Independent,31.0,43.0
2011,2100480,Berea Independent,34.0,48.0
2011,2100510,Boone County,52.0,59.0
2011,2100540,Bourbon County,44.0,54.0
2011,2100570,Bowling Green Independent,46.0,56.0
2011,2100620,Boyd County,34.0,48.0
2011,2100630,Boyle County,49.0,61.0
2011,2100660,Bracken County,38.0,52.0
2011,2100690,Breathitt County,29.0,41.0
2011,2100720,Breckinridge County,46.0,48.0
2011,2100750,Bullitt County,42.0,46.0
2011,2100780,Burgin Independent,30.0,47.0
2011,2100810,Butler County,30.0,42.0
2011,2100840,Caldwell County,45.0,49.0
2011,2100870,Calloway County,50.0,55.0
2011,2100900,Campbell County,52.0,54.0
2011,2100930,Campbellsville Independent,34.0,41.0
2011,2100960,Carlisle County,34.0,43.0
2011,2100990,Carroll County,33.0,41.0
2011,2101020,Carter County,40.0,46.0
2011,2101050,Casey County,51.0,49.0
2011,2101110,Caverna Independent,32.0,38.0
2011,2101150,Christian County,35.0,40.0
2011,2101200,Clark County,46.0,48.0
2011,2101230,Clay County,27.0,38.0
2011,2101260,Clinton County,31.0,44.0
2011,2101290,Cloverport Independent,47.0,42.0
2011,2101320,Corbin Independent,52.0,61.0
2011,2101350,Covington Independent,18.0,29.0
2011,2101380,Crittenden County,43.0,47.0
2011,2101410,Cumberland County,31.0,41.0
2011,2101440,Danville Independent,40.0,48.0
2011,2101470,Daviess County,49.0,57.0
2011,2101500,Dawson Springs Independent,38.0,48.0
2011,2101530,Dayton Independent,31.0,34.0
2011,2101590,East Bernstadt Independent,23.0,36.0
2011,2101620,Edmonson County,40.0,49.0
2011,2101650,Elizabethtown Independent,42.0,57.0
2011,2101680,Elliott County,25.0,35.0
2011,2101710,Eminence Independent,27.0,44.0
2011,2101740,Erlanger-Elsmere Independent,32.0,40.0
2011,2101760,Estill County,31.0,38.0
2011,2101800,Fairview Independent,29.0,38.0
2011,2101860,Fayette County,48.0,54.0
2011,2101920,Fleming County,32.0,40.0
2011,2101950,Floyd County,38.0,46.0
2011,2101980,Frankfort Independent,33.0,44.0
2011,2102010,Franklin County,36.0,48.0
2011,2102040,Fort Thomas Independent,70.0,76.0
2011,2102070,Fulton Independent,21.0,37.0
2011,2102100,Fulton County,23.0,35.0
2011,2102130,Gallatin County,27.0,35.0
2011,2102160,Garrard County,39.0,45.0
2011,2102220,Glasgow Independent,48.0,53.0
2011,2102250,Grant County,33.0,44.0
2011,2102280,Graves County,47.0,53.0
2011,2102300,Grayson County,39.0,45.0
2011,2102340,Green County,34.0,44.0
2011,2102400,Greenup County,30.0,41.0
2011,2102460,Hancock County,45.0,49.0
2011,2102490,Hardin County,42.0,48.0
2011,2102520,Harlan Independent,50.0,60.0
2011,2102540,Harlan County,29.0,43.0
2011,2102580,Harrison County,37.0,44.0
2011,2102640,Hart County,49.0,49.0
2011,2102670,Hazard Independent,41.0,53.0
2011,2102710,Henderson County,44.0,50.0
2011,2102760,Henry County,38.0,41.0
2011,2102790,Hickman County,37.0,46.0
2011,2102860,Hopkins County,43.0,48.0
2011,2102910,Jackson Independent,46.0,54.0
2011,2102940,Jackson County,29.0,36.0
2011,2102990,Jefferson County,35.0,41.0
2011,2103000,Jenkins Independent,30.0,42.0
2011,2103030,Jessamine County,39.0,50.0
2011,2103060,Johnson County,41.0,51.0
2011,2103090,Kenton County,47.0,53.0
2011,2103120,Knott County,41.0,46.0
2011,2103150,Knox County,27.0,37.0
2011,2103180,LaRue County,49.0,54.0
2011,2103210,Laurel County,42.0,49.0
2011,2103240,Lawrence County,31.0,43.0
2011,2103270,Lee County,31.0,45.0
2011,2103330,Leslie County,30.0,43.0
2011,2103360,Letcher County,30.0,40.0
2011,2103390,Lewis County,31.0,37.0
2011,2103480,Lincoln County,33.0,47.0
2011,2103510,Livingston County,36.0,44.0
2011,2103540,Logan County,51.0,56.0
2011,2103630,Ludlow Independent,30.0,41.0
2011,2103690,Lyon County,53.0,53.0
2011,2103720,Madison County,42.0,52.0
2011,2103750,Magoffin County,25.0,42.0
2011,2103780,Marion County,48.0,47.0
2011,2103810,Marshall County,49.0,57.0
2011,2103840,Martin County,29.0,40.0
2011,2103870,Mason County,46.0,48.0
2011,2103900,Mayfield Independent,37.0,44.0
2011,2103960,McCracken County,48.0,58.0
2011,2103990,McCreary County,33.0,38.0
2011,2104020,McLean County,45.0,50.0
2011,2104050,Meade County,52.0,55.0
2011,2104080,Menifee County,23.0,40.0
2011,2104110,Mercer County,31.0,48.0
2011,2104140,Metcalfe County,47.0,47.0
2011,2104170,Middlesboro Independent,19.0,40.0
2011,2104200,Monroe County,41.0,42.0
2011,2104250,Montgomery County,40.0,53.0
2011,2104260,MONTICELLO INDEPENDENT,28.0,37.0
2011,2104290,Morgan County,41.0,46.0
2011,2104380,Murray Independent,68.0,69.0
2011,2104410,Nelson County,38.0,45.0
2011,2104440,Newport Independent,20.0,19.0
2011,2104470,Nicholas County,26.0,40.0
2011,2104500,Ohio County,45.0,46.0
2011,2104530,Oldham County,54.0,65.0
2011,2104560,Owen County,33.0,43.0
2011,2104590,Owensboro Independent,29.0,40.0
2011,2104620,Owsley County,22.0,34.0
2011,2104650,Paducah Independent,34.0,40.0
2011,2104680,Paintsville Independent,39.0,53.0
2011,2104710,Paris Independent,25.0,35.0
2011,2104740,Pendleton County,42.0,46.0
2011,2104770,Perry County,28.0,42.0
2011,2104800,Pike County,31.0,45.0
2011,2104830,Pikeville Independent,51.0,66.0
2011,2104860,Pineville Independent,21.0,41.0
2011,2104890,Powell County,36.0,42.0
2011,2104950,Pulaski County,49.0,52.0
2011,2104980,Raceland-Worthington Independent,37.0,49.0
2011,2105040,Robertson County,17.0,27.0
2011,2105070,Rockcastle County,32.0,48.0
2011,2105100,Rowan County,34.0,46.0
2011,2105130,Russell Independent,54.0,61.0
2011,2105160,Russell County,40.0,52.0
2011,2105190,Russellville Independent,26.0,32.0
2011,2105220,Science Hill Independent,49.0,64.0
2011,2105260,Scott County,45.0,56.0
2011,2105320,Shelby County,40.0,50.0
2011,2105370,Silver Grove Independent,17.0,22.0
2011,2105400,Simpson County,41.0,51.0
2011,2105430,Somerset Independent,48.0,60.0
2011,2105460,Southgate Independent,22.0,37.0
2011,2105490,Spencer County,42.0,53.0
2011,2105520,Taylor County,43.0,52.0
2011,2105550,Todd County,44.0,43.0
2011,2105580,Trigg County,43.0,47.0
2011,2105610,Trimble County,31.0,43.0
2011,2105640,Union County,35.0,43.0
2011,2105700,Walton-Verona Independent,47.0,62.0
2011,2105730,Warren County,43.0,50.0
2011,2105760,Washington County,30.0,43.0
2011,2105790,Wayne County,33.0,46.0
2011,2105820,Webster County,39.0,44.0
2011,2105850,West Point Independent,37.0,52.0
2011,2105880,Whitley County,43.0,48.0
2011,2105910,Williamsburg Independent,33.0,45.0
2011,2105940,Williamstown Independent,44.0,44.0
2011,2105970,Wolfe County,29.0,47.0
2011,2106000,Woodford County,47.0,54.0
2012,2100030,Adair County,40.0,49.0
2012,2100070,Allen County,42.0,52.0
2012,2100081,Muhlenberg County,42.0,52.0
2012,2100090,Anchorage Independent,86.0,83.0
2012,2100120,Anderson County,47.0,53.0
2012,2100150,Ashland Independent,41.0,59.0
2012,2100180,Augusta Independent,32.0,42.0
2012,2100210,Ballard County,38.0,53.0
2012,2100240,Barbourville Independent,29.0,45.0
2012,2100270,Bardstown Independent,34.0,45.0
2012,2100300,Barren County,44.0,51.0
2012,2100330,Bath County,38.0,46.0
2012,2100360,Beechwood Independent,64.0,74.0
2012,2100390,Bell County,34.0,49.0
2012,2100420,Bellevue Independent,28.0,44.0
2012,2100480,Berea Independent,29.0,46.0
2012,2100510,Boone County,51.0,60.0
2012,2100540,Bourbon County,42.0,54.0
2012,2100570,Bowling Green Independent,45.0,55.0
2012,2100620,Boyd County,37.0,51.0
2012,2100630,Boyle County,50.0,65.0
2012,2100660,Bracken County,37.0,46.0
2012,2100690,Breathitt County,32.0,42.0
2012,2100720,Breckinridge County,47.0,51.0
2012,2100750,Bullitt County,41.0,52.0
2012,2100780,Burgin Independent,34.0,46.0
2012,2100810,Butler County,33.0,49.0
2012,2100840,Caldwell County,42.0,49.0
2012,2100870,Calloway County,50.0,59.0
2012,2100900,Campbell County,54.0,58.0
2012,2100930,Campbellsville Independent,36.0,40.0
2012,2100960,Carlisle County,36.0,48.0
2012,2100990,Carroll County,35.0,37.0
2012,2101020,Carter County,41.0,50.0
2012,2101050,Casey County,47.0,48.0
2012,2101110,Caverna Independent,28.0,28.0
2012,2101150,Christian County,34.0,42.0
2012,2101200,Clark County,48.0,53.0
2012,2101230,Clay County,32.0,41.0
2012,2101260,Clinton County,31.0,42.0
2012,2101290,Cloverport Independent,47.0,46.0
2012,2101320,Corbin Independent,50.0,61.0
2012,2101350,Covington Independent,23.0,30.0
2012,2101380,Crittenden County,43.0,47.0
2012,2101410,Cumberland County,33.0,41.0
2012,2101440,Danville Independent,38.0,46.0
2012,2101470,Daviess County,50.0,60.0
2012,2101500,Dawson Springs Independent,35.0,48.0
2012,2101530,Dayton Independent,39.0,43.0
2012,2101590,East Bernstadt Independent,34.0,47.0
2012,2101620,Edmonson County,47.0,56.0
2012,2101650,Elizabethtown Independent,45.0,59.0
2012,2101680,Elliott County,24.0,40.0
2012,2101710,Eminence Independent,27.0,52.0
2012,2101740,Erlanger-Elsmere Independent,31.0,43.0
2012,2101760,Estill County,36.0,39.0
2012,2101800,Fairview Independent,27.0,44.0
2012,2101860,Fayette County,49.0,56.0
2012,2101920,Fleming County,33.0,42.0
2012,2101950,Floyd County,41.0,52.0
2012,2101980,Frankfort Independent,31.0,40.0
2012,2102010,Franklin County,34.0,49.0
2012,2102040,Fort Thomas Independent,66.0,74.0
2012,2102070,Fulton Independent,22.0,37.0
2012,2102100,Fulton County,28.0,42.0
2012,2102130,Gallatin County,28.0,35.0
2012,2102160,Garrard County,39.0,49.0
2012,2102220,Glasgow Independent,53.0,50.0
2012,2102250,Grant County,35.0,46.0
2012,2102280,Graves County,49.0,54.0
2012,2102300,Grayson County,42.0,52.0
2012,2102340,Green County,37.0,51.0
2012,2102400,Greenup County,30.0,45.0
2012,2102460,Hancock County,41.0,53.0
2012,2102490,Hardin County,41.0,52.0
2012,2102520,Harlan Independent,44.0,55.0
2012,2102540,Harlan County,33.0,45.0
2012,2102580,Harrison County,36.0,44.0
2012,2102640,Hart County,50.0,50.0
2012,2102670,Hazard Independent,38.0,54.0
2012,2102710,Henderson County,50.0,51.0
2012,2102760,Henry County,35.0,44.0
2012,2102790,Hickman County,37.0,45.0
2012,2102860,Hopkins County,48.0,50.0
2012,2102910,Jackson Independent,46.0,61.0
2012,2102940,Jackson County,30.0,43.0
2012,2102990,Jefferson County,37.0,43.0
2012,2103000,Jenkins Independent,29.0,39.0
2012,2103030,Jessamine County,42.0,50.0
2012,2103060,Johnson County,44.0,57.0
2012,2103090,Kenton County,49.0,57.0
2012,2103120,Knott County,36.0,48.0
2012,2103150,Knox County,29.0,39.0
2012,2103180,LaRue County,52.0,55.0
2012,2103210,Laurel County,41.0,51.0
2012,2103240,Lawrence County,31.0,47.0
2012,2103270,Lee County,42.0,46.0
2012,2103330,Leslie County,29.0,43.0
2012,2103360,Letcher County,36.0,51.0
2012,2103390,Lewis County,33.0,42.0
2012,2103480,Lincoln County,36.0,47.0
2012,2103510,Livingston County,32.0,41.0
2012,2103540,Logan County,55.0,53.0
2012,2103630,Ludlow Independent,32.0,49.0
2012,2103690,Lyon County,48.0,59.0
2012,2103720,Madison County,42.0,54.0
2012,2103750,Magoffin County,32.0,45.0
2012,2103780,Marion County,47.0,50.0
2012,2103810,Marshall County,51.0,64.0
2012,2103840,Martin County,33.0,42.0
2012,2103870,Mason County,45.0,46.0
2012,2103900,Mayfield Independent,40.0,46.0
2012,2103960,McCracken County,50.0,61.0
2012,2103990,McCreary County,31.0,43.0
2012,2104020,McLean County,41.0,53.0
2012,2104050,Meade County,52.0,57.0
2012,2104080,Menifee County,24.0,41.0
2012,2104110,Mercer County,36.0,50.0
2012,2104140,Metcalfe County,48.0,47.0
2012,2104170,Middlesboro Independent,24.0,41.0
2012,2104200,Monroe County,47.0,48.0
2012,2104250,Montgomery County,46.0,54.0
2012,2104260,MONTICELLO INDEPENDENT,24.0,36.0
2012,2104290,Morgan County,43.0,51.0
2012,2104380,Murray Independent,64.0,70.0
2012,2104410,Nelson County,38.0,47.0
2012,2104440,Newport Independent,20.0,21.0
2012,2104470,Nicholas County,32.0,44.0
2012,2104500,Ohio County,45.0,49.0
2012,2104530,Oldham County,55.0,64.0
2012,2104560,Owen County,35.0,46.0
2012,2104590,Owensboro Independent,36.0,44.0
2012,2104620,Owsley County,30.0,38.0
2012,2104650,Paducah Independent,33.0,42.0
2012,2104680,Paintsville Independent,36.0,52.0
2012,2104710,Paris Independent,29.0,39.0
2012,2104740,Pendleton County,38.0,44.0
2012,2104770,Perry County,30.0,46.0
2012,2104800,Pike County,33.0,48.0
2012,2104830,Pikeville Independent,48.0,67.0
2012,2104860,Pineville Independent,26.0,45.0
2012,2104890,Powell County,37.0,48.0
2012,2104950,Pulaski County,47.0,55.0
2012,2104980,Raceland-Worthington Independent,39.0,56.0
2012,2105040,Robertson County,22.0,37.0
2012,2105070,Rockcastle County,38.0,49.0
2012,2105100,Rowan County,34.0,46.0
2012,2105130,Russell Independent,52.0,63.0
2012,2105160,Russell County,39.0,51.0
2012,2105190,Russellville Independent,27.0,32.0
2012,2105220,Science Hill Independent,52.0,64.0
2012,2105260,Scott County,46.0,57.0
2012,2105320,Shelby County,41.0,54.0
2012,2105370,Silver Grove Independent,12.0,27.0
2012,2105400,Simpson County,45.0,53.0
2012,2105430,Somerset Independent,43.0,55.0
2012,2105460,Southgate Independent,37.0,57.0
2012,2105490,Spencer County,42.0,52.0
2012,2105520,Taylor County,40.0,51.0
2012,2105550,Todd County,44.0,47.0
2012,2105580,Trigg County,43.0,52.0
2012,2105610,Trimble County,32.0,48.0
2012,2105640,Union County,43.0,46.0
2012,2105700,Walton-Verona Independent,44.0,61.0
2012,2105730,Warren County,43.0,51.0
2012,2105760,Washington County,35.0,46.0
2012,2105790,Wayne County,40.0,51.0
2012,2105820,Webster County,39.0,44.0
2012,2105850,West Point Independent,37.0,32.0
2012,2105880,Whitley County,42.0,53.0
2012,2105910,Williamsburg Independent,32.0,52.0
2012,2105940,Williamstown Independent,45.0,54.0
2012,2105970,Wolfe County,30.0,48.0
2012,2106000,Woodford County,48.0,56.0
2013,2100030,Adair County,41.0,50.0
2013,2100070,Allen County,46.0,55.0
2013,2100081,Muhlenberg County,48.0,58.0
2013,2100090,Anchorage Independent,92.0,88.0
2013,2100120,Anderson County,51.0,56.0
2013,2100150,Ashland Independent,44.0,57.0
2013,2100180,Augusta Independent,32.0,42.0
2013,2100210,Ballard County,51.0,59.0
2013,2100240,Barbourville Independent,45.0,55.0
2013,2100270,Bardstown Independent,40.0,47.0
2013,2100300,Barren County,47.0,55.0
2013,2100330,Bath County,46.0,53.0
2013,2100360,Beechwood Independent,71.0,73.0
2013,2100390,Bell County,32.0,52.0
2013,2100420,Bellevue Independent,34.0,46.0
2013,2100480,Berea Independent,37.0,54.0
2013,2100510,Boone County,55.0,62.0
2013,2100540,Bourbon County,41.0,56.0
2013,2100570,Bowling Green Independent,45.0,56.0
2013,2100620,Boyd County,40.0,58.0
2013,2100630,Boyle County,57.0,69.0
2013,2100660,Bracken County,35.0,51.0
2013,2100690,Breathitt County,30.0,40.0
2013,2100720,Breckinridge County,50.0,56.0
2013,2100750,Bullitt County,43.0,54.0
2013,2100780,Burgin Independent,40.0,53.0
2013,2100810,Butler County,39.0,48.0
2013,2100840,Caldwell County,48.0,54.0
2013,2100870,Calloway County,55.0,63.0
2013,2100900,Campbell County,59.0,63.0
2013,2100930,Campbellsville Independent,40.0,44.0
2013,2100960,Carlisle County,37.0,46.0
2013,2100990,Carroll County,37.0,46.0
2013,2101020,Carter County,46.0,55.0
2013,2101050,Casey County,54.0,56.0
2013,2101110,Caverna Independent,40.0,40.0
2013,2101150,Christian County,39.0,48.0
2013,2101200,Clark County,48.0,55.0
2013,2101230,Clay County,41.0,50.0
2013,2101260,Clinton County,34.0,46.0
2013,2101290,Cloverport Independent,45.0,49.0
2013,2101320,Corbin Independent,54.0,63.0
2013,2101350,Covington Independent,31.0,34.0
2013,2101380,Crittenden County,48.0,54.0
2013,2101410,Cumberland County,39.0,45.0
2013,2101440,Danville Independent,35.0,51.0
2013,2101470,Daviess County,54.0,62.0
2013,2101500,Dawson Springs Independent,37.0,50.0
2013,2101530,Dayton Independent,41.0,43.0
2013,2101590,East Bernstadt Independent,49.0,53.0
2013,2101620,Edmonson County,49.0,61.0
2013,2101650,Elizabethtown Independent,48.0,61.0
2013,2101680,Elliott County,33.0,50.0
2013,2101710,Eminence Independent,30.0,51.0
2013,2101740,Erlanger-Elsmere Independent,35.0,46.0
2013,2101760,Estill County,35.0,40.0
2013,2101800,Fairview Independent,34.0,51.0
2013,2101860,Fayette County,51.0,58.0
2013,2101920,Fleming County,37.0,47.0
2013,2101950,Floyd County,49.0,59.0
2013,2101980,Frankfort Independent,31.0,42.0
2013,2102010,Franklin County,39.0,52.0
2013,2102040,Fort Thomas Independent,71.0,78.0
2013,2102070,Fulton Independent,42.0,42.0
2013,2102100,Fulton County,28.0,46.0
2013,2102130,Gallatin County,32.0,41.0
2013,2102160,Garrard County,41.0,52.0
2013,2102220,Glasgow Independent,57.0,56.0
2013,2102250,Grant County,39.0,50.0
2013,2102280,Graves County,53.0,59.0
2013,2102300,Grayson County,48.0,51.0
2013,2102340,Green County,45.0,52.0
2013,2102400,Greenup County,41.0,51.0
2013,2102460,Hancock County,49.0,59.0
2013,2102490,Hardin County,48.0,55.0
2013,2102520,Harlan Independent,43.0,59.0
2013,2102540,Harlan County,42.0,55.0
2013,2102580,Harrison County,40.0,53.0
2013,2102640,Hart County,49.0,57.0
2013,2102670,Hazard Independent,52.0,61.0
2013,2102710,Henderson County,55.0,57.0
2013,2102760,Henry County,38.0,44.0
2013,2102790,Hickman County,37.0,50.0
2013,2102860,Hopkins County,53.0,56.0
2013,2102910,Jackson Independent,44.0,57.0
2013,2102940,Jackson County,30.0,43.0
2013,2102990,Jefferson County,41.0,47.0
2013,2103000,Jenkins Independent,35.0,43.0
2013,2103030,Jessamine County,45.0,57.0
2013,2103060,Johnson County,52.0,62.0
2013,2103090,Kenton County,55.0,59.0
2013,2103120,Knott County,38.0,55.0
2013,2103150,Knox County,31.0,41.0
2013,2103180,LaRue County,58.0,58.0
2013,2103210,Laurel County,54.0,59.0
2013,2103240,Lawrence County,33.0,50.0
2013,2103270,Lee County,43.0,55.0
2013,2103330,Leslie County,28.0,48.0
2013,2103360,Letcher County,41.0,54.0
2013,2103390,Lewis County,33.0,44.0
2013,2103480,Lincoln County,39.0,52.0
2013,2103510,Livingston County,42.0,49.0
2013,2103540,Logan County,55.0,57.0
2013,2103630,Ludlow Independent,36.0,49.0
2013,2103690,Lyon County,49.0,60.0
2013,2103720,Madison County,46.0,58.0
2013,2103750,Magoffin County,36.0,52.0
2013,2103780,Marion County,48.0,54.0
2013,2103810,Marshall County,54.0,65.0
2013,2103840,Martin County,34.0,46.0
2013,2103870,Mason County,49.0,50.0
2013,2103900,Mayfield Independent,38.0,50.0
2013,2103960,McCracken County,54.0,63.0
2013,2103990,McCreary County,35.0,45.0
2013,2104020,McLean County,46.0,55.0
2013,2104050,Meade County,56.0,60.0
2013,2104080,Menifee County,34.0,49.0
2013,2104110,Mercer County,38.0,50.0
2013,2104140,Metcalfe County,46.0,50.0
2013,2104170,Middlesboro Independent,24.0,46.0
2013,2104200,Monroe County,51.0,56.0
2013,2104250,Montgomery County,55.0,63.0
2013,2104290,Morgan County,44.0,56.0
2013,2104380,Murray Independent,73.0,74.0
2013,2104410,Nelson County,46.0,54.0
2013,2104440,Newport Independent,30.0,29.0
2013,2104470,Nicholas County,36.0,46.0
2013,2104500,Ohio County,45.0,51.0
2013,2104530,Oldham County,60.0,67.0
2013,2104560,Owen County,38.0,45.0
2013,2104590,Owensboro Independent,40.0,50.0
2013,2104620,Owsley County,23.0,40.0
2013,2104650,Paducah Independent,34.0,47.0
2013,2104680,Paintsville Independent,46.0,60.0
2013,2104710,Paris Independent,31.0,44.0
2013,2104740,Pendleton County,38.0,48.0
2013,2104770,Perry County,36.0,51.0
2013,2104800,Pike County,41.0,52.0
2013,2104830,Pikeville Independent,60.0,71.0
2013,2104860,Pineville Independent,32.0,47.0
2013,2104890,Powell County,40.0,52.0
2013,2104950,Pulaski County,56.0,60.0
2013,2104980,Raceland-Worthington Independent,43.0,52.0
2013,2105040,Robertson County,22.0,37.0
2013,2105070,Rockcastle County,39.0,54.0
2013,2105100,Rowan County,43.0,53.0
2013,2105130,Russell Independent,57.0,66.0
2013,2105160,Russell County,44.0,55.0
2013,2105190,Russellville Independent,28.0,36.0
2013,2105220,Science Hill Independent,53.0,65.0
2013,2105260,Scott County,50.0,60.0
2013,2105320,Shelby County,44.0,55.0
2013,2105370,Silver Grove Independent,12.0,37.0
2013,2105400,Simpson County,46.0,53.0
2013,2105430,Somerset Independent,49.0,64.0
2013,2105460,Southgate Independent,47.0,52.0
2013,2105490,Spencer County,52.0,59.0
2013,2105520,Taylor County,43.0,50.0
2013,2105550,Todd County,47.0,50.0
2013,2105580,Trigg County,43.0,55.0
2013,2105610,Trimble County,36.0,50.0
2013,2105640,Union County,45.0,50.0
2013,2105700,Walton-Verona Independent,51.0,67.0
2013,2105730,Warren County,49.0,55.0
2013,2105760,Washington County,38.0,51.0
2013,2105790,Wayne County,39.0,49.0
2013,2105820,Webster County,45.0,46.0
2013,2105850,West Point Independent,37.0,37.0
2013,2105880,Whitley County,48.0,60.0
2013,2105910,Williamsburg Independent,34.0,47.0
2013,2105940,Williamstown Independent,46.0,56.0
2013,2105970,Wolfe County,35.0,53.0
2013,2106000,Woodford County,52.0,61.0
2014,2100030,Adair County,38.0,50.0
2014,2100070,Allen County,47.0,55.0
2014,2100081,Muhlenberg County,46.0,57.0
2014,2100090,Anchorage Independent,86.0,87.0
2014,2100120,Anderson County,48.0,56.0
2014,2100150,Ashland Independent,44.0,58.0
2014,2100180,Augusta Independent,32.0,47.0
2014,2100210,Ballard County,43.0,59.0
2014,2100240,Barbourville Independent,44.0,53.0
2014,2100270,Bardstown Independent,39.0,49.0
2014,2100300,Barren County,48.0,54.0
2014,2100330,Bath County,40.0,52.0
2014,2100360,Beechwood Independent,68.0,77.0
2014,2100390,Bell County,32.0,53.0
2014,2100420,Bellevue Independent,38.0,48.0
2014,2100480,Berea Independent,34.0,49.0
2014,2100510,Boone County,52.0,62.0
2014,2100540,Bourbon County,42.0,56.0
2014,2100570,Bowling Green Independent,46.0,59.0
2014,2100620,Boyd County,43.0,58.0
2014,2100630,Boyle County,58.0,69.0
2014,2100660,Bracken County,40.0,49.0
2014,2100690,Breathitt County,26.0,45.0
2014,2100720,Breckinridge County,48.0,55.0
2014,2100750,Bullitt County,44.0,55.0
2014,2100780,Burgin Independent,49.0,59.0
2014,2100810,Butler County,37.0,48.0
2014,2100840,Caldwell County,48.0,57.0
2014,2100870,Calloway County,53.0,64.0
2014,2100900,Campbell County,57.0,62.0
2014,2100930,Campbellsville Independent,37.0,46.0
2014,2100960,Carlisle County,37.0,49.0
2014,2100990,Carroll County,32.0,42.0
2014,2101020,Carter County,47.0,57.0
2014,2101050,Casey County,53.0,57.0
2014,2101110,Caverna Independent,28.0,40.0
2014,2101150,Christian County,36.0,46.0
2014,2101200,Clark County,47.0,55.0
2014,2101230,Clay County,40.0,47.0
2014,2101260,Clinton County,34.0,51.0
2014,2101290,Cloverport Independent,49.0,51.0
2014,2101320,Corbin Independent,57.0,61.0
2014,2101350,Covington Independent,33.0,36.0
2014,2101380,Crittenden County,47.0,55.0
2014,2101410,Cumberland County,36.0,53.0
2014,2101440,Danville Independent,35.0,47.0
2014,2101470,Daviess County,52.0,62.0
2014,2101500,Dawson Springs Independent,41.0,45.0
2014,2101530,Dayton Independent,40.0,45.0
2014,2101590,East Bernstadt Independent,49.0,57.0
2014,2101620,Edmonson County,52.0,61.0
2014,2101650,Elizabethtown Independent,44.0,59.0
2014,2101680,Elliott County,24.0,46.0
2014,2101710,Eminence Independent,29.0,49.0
2014,2101740,Erlanger-Elsmere Independent,32.0,43.0
2014,2101760,Estill County,34.0,41.0
2014,2101800,Fairview Independent,30.0,46.0
2014,2101860,Fayette County,49.0,58.0
2014,2101920,Fleming County,46.0,50.0
2014,2101950,Floyd County,51.0,61.0
2014,2101980,Frankfort Independent,29.0,39.0
2014,2102010,Franklin County,40.0,51.0
2014,2102040,Fort Thomas Independent,73.0,80.0
2014,2102070,Fulton Independent,37.0,42.0
2014,2102100,Fulton County,33.0,43.0
2014,2102130,Gallatin County,32.0,45.0
2014,2102160,Garrard County,38.0,52.0
2014,2102220,Glasgow Independent,55.0,57.0
2014,2102250,Grant County,35.0,48.0
2014,2102280,Graves County,52.0,62.0
2014,2102300,Grayson County,45.0,54.0
2014,2102340,Green County,38.0,51.0
2014,2102400,Greenup County,40.0,52.0
2014,2102460,Hancock County,44.0,57.0
2014,2102490,Hardin County,44.0,53.0
2014,2102520,Harlan Independent,38.0,58.0
2014,2102540,Harlan County,39.0,53.0
2014,2102580,Harrison County,40.0,49.0
2014,2102640,Hart County,40.0,51.0
2014,2102670,Hazard Independent,51.0,63.0
2014,2102710,Henderson County,57.0,59.0
2014,2102760,Henry County,33.0,46.0
2014,2102790,Hickman County,47.0,49.0
2014,2102860,Hopkins County,52.0,58.0
2014,2102910,Jackson Independent,45.0,56.0
2014,2102940,Jackson County,30.0,45.0
2014,2102990,Jefferson County,41.0,47.0
2014,2103000,Jenkins Independent,48.0,53.0
2014,2103030,Jessamine County,42.0,55.0
2014,2103060,Johnson County,48.0,60.0
2014,2103090,Kenton County,53.0,61.0
2014,2103120,Knott County,40.0,52.0
2014,2103150,Knox County,31.0,45.0
2014,2103180,LaRue County,54.0,58.0
2014,2103210,Laurel County,53.0,59.0
2014,2103240,Lawrence County,34.0,53.0
2014,2103270,Lee County,46.0,54.0
2014,2103330,Leslie County,36.0,52.0
2014,2103360,Letcher County,41.0,56.0
2014,2103390,Lewis County,33.0,43.0
2014,2103480,Lincoln County,34.0,50.0
2014,2103510,Livingston County,38.0,53.0
2014,2103540,Logan County,54.0,59.0
2014,2103630,Ludlow Independent,36.0,50.0
2014,2103690,Lyon County,49.0,59.0
2014,2103720,Madison County,43.0,59.0
2014,2103750,Magoffin County,36.0,52.0
2014,2103780,Marion County,49.0,57.0
2014,2103810,Marshall County,52.0,66.0
2014,2103840,Martin County,37.0,50.0
2014,2103870,Mason County,46.0,53.0
2014,2103900,Mayfield Independent,45.0,49.0
2014,2103960,McCracken County,55.0,68.0
2014,2103990,McCreary County,38.0,46.0
2014,2104020,McLean County,43.0,57.0
2014,2104050,Meade County,52.0,59.0
2014,2104080,Menifee County,25.0,46.0
2014,2104110,Mercer County,35.0,56.0
2014,2104140,Metcalfe County,44.0,49.0
2014,2104170,Middlesboro Independent,29.0,47.0
2014,2104200,Monroe County,48.0,56.0
2014,2104250,Montgomery County,54.0,61.0
2014,2104290,Morgan County,46.0,58.0
2014,2104380,Murray Independent,71.0,74.0
2014,2104410,Nelson County,44.0,55.0
2014,2104440,Newport Independent,27.0,27.0
2014,2104470,Nicholas County,39.0,53.0
2014,2104500,Ohio County,41.0,49.0
2014,2104530,Oldham County,60.0,69.0
2014,2104560,Owen County,37.0,51.0
2014,2104590,Owensboro Independent,37.0,48.0
2014,2104620,Owsley County,23.0,34.0
2014,2104650,Paducah Independent,32.0,46.0
2014,2104680,Paintsville Independent,44.0,64.0
2014,2104710,Paris Independent,29.0,43.0
2014,2104740,Pendleton County,39.0,47.0
2014,2104770,Perry County,38.0,53.0
2014,2104800,Pike County,40.0,53.0
2014,2104830,Pikeville Independent,54.0,74.0
2014,2104860,Pineville Independent,32.0,57.0
2014,2104890,Powell County,39.0,52.0
2014,2104950,Pulaski County,54.0,61.0
2014,2104980,Raceland-Worthington Independent,44.0,54.0
2014,2105040,Robertson County,22.0,42.0
2014,2105070,Rockcastle County,41.0,54.0
2014,2105100,Rowan County,43.0,54.0
2014,2105130,Russell Independent,59.0,67.0
2014,2105160,Russell County,44.0,53.0
2014,2105190,Russellville Independent,28.0,40.0
2014,2105220,Science Hill Independent,43.0,68.0
2014,2105260,Scott County,50.0,60.0
2014,2105320,Shelby County,39.0,53.0
2014,2105370,Silver Grove Independent,17.0,22.0
2014,2105400,Simpson County,43.0,55.0
2014,2105430,Somerset Independent,50.0,63.0
2014,2105460,Southgate Independent,37.0,52.0
2014,2105490,Spencer County,51.0,61.0
2014,2105520,Taylor County,40.0,48.0
2014,2105550,Todd County,43.0,49.0
2014,2105580,Trigg County,39.0,54.0
2014,2105610,Trimble County,36.0,49.0
2014,2105640,Union County,40.0,50.0
2014,2105700,Walton-Verona Independent,55.0,71.0
2014,2105730,Warren County,48.0,57.0
2014,2105760,Washington County,38.0,51.0
2014,2105790,Wayne County,38.0,47.0
2014,2105820,Webster County,44.0,46.0
2014,2105850,West Point Independent,37.0,37.0
2014,2105880,Whitley County,46.0,61.0
2014,2105910,Williamsburg Independent,37.0,53.0
2014,2105940,Williamstown Independent,51.0,58.0
2014,2105970,Wolfe County,35.0,51.0
2014,2106000,Woodford County,52.0,62.0
2015,2100030,Adair County,44.0,49.0
2015,2100070,Allen County,50.0,60.0
2015,2100081,Muhlenberg County,47.0,59.0
2015,2100090,Anchorage Independent,89.0,88.0
2015,2100120,Anderson County,51.0,60.0
2015,2100150,Ashland Independent,45.0,58.0
2015,2100180,Augusta Independent,32.0,47.0
2015,2100210,Ballard County,46.0,60.0
2015,2100240,Barbourville Independent,48.0,55.0
2015,2100270,Bardstown Independent,46.0,52.0
2015,2100300,Barren County,50.0,56.0
2015,2100330,Bath County,46.0,53.0
2015,2100360,Beechwood Independent,72.0,77.0
2015,2100390,Bell County,41.0,54.0
2015,2100420,Bellevue Independent,33.0,41.0
2015,2100480,Berea Independent,33.0,51.0
2015,2100510,Boone County,54.0,62.0
2015,2100540,Bourbon County,45.0,56.0
2015,2100570,Bowling Green Independent,50.0,59.0
2015,2100620,Boyd County,46.0,58.0
2015,2100630,Boyle County,66.0,72.0
2015,2100660,Bracken County,38.0,51.0
2015,2100690,Breathitt County,31.0,40.0
2015,2100720,Breckinridge County,61.0,60.0
2015,2100750,Bullitt County,49.0,56.0
2015,2100780,Burgin Independent,46.0,59.0
2015,2100810,Butler County,40.0,47.0
2015,2100840,Caldwell County,52.0,57.0
2015,2100870,Calloway County,58.0,64.0
2015,2100900,Campbell County,61.0,63.0
2015,2100930,Campbellsville Independent,42.0,51.0
2015,2100960,Carlisle County,47.0,52.0
2015,2100990,Carroll County,39.0,44.0
2015,2101020,Carter County,51.0,61.0
2015,2101050,Casey County,62.0,59.0
2015,2101110,Caverna Independent,28.0,38.0
2015,2101150,Christian County,43.0,50.0
2015,2101200,Clark County,52.0,58.0
2015,2101230,Clay County,43.0,54.0
2015,2101260,Clinton County,38.0,50.0
2015,2101290,Cloverport Independent,48.0,56.0
2015,2101320,Corbin Independent,59.0,66.0
2015,2101350,Covington Independent,37.0,38.0
2015,2101380,Crittenden County,45.0,57.0
2015,2101410,Cumberland County,49.0,55.0
2015,2101440,Danville Independent,39.0,51.0
2015,2101470,Daviess County,56.0,63.0
2015,2101500,Dawson Springs Independent,45.0,47.0
2015,2101530,Dayton Independent,46.0,46.0
2015,2101590,East Bernstadt Independent,54.0,61.0
2015,2101620,Edmonson County,54.0,62.0
2015,2101650,Elizabethtown Independent,52.0,62.0
2015,2101680,Elliott County,28.0,46.0
2015,2101710,Eminence Independent,35.0,55.0
2015,2101740,Erlanger-Elsmere Independent,39.0,49.0
2015,2101760,Estill County,39.0,42.0
2015,2101800,Fairview Independent,35.0,48.0
2015,2101860,Fayette County,50.0,57.0
2015,2101920,Fleming County,50.0,54.0
2015,2101950,Floyd County,59.0,69.0
2015,2101980,Frankfort Independent,31.0,47.0
2015,2102010,Franklin County,43.0,52.0
2015,2102040,Fort Thomas Independent,77.0,79.0
2015,2102070,Fulton Independent,27.0,42.0
2015,2102100,Fulton County,39.0,52.0
2015,2102130,Gallatin County,36.0,45.0
2015,2102160,Garrard County,44.0,50.0
2015,2102220,Glasgow Independent,56.0,55.0
2015,2102250,Grant County,40.0,51.0
2015,2102280,Graves County,55.0,63.0
2015,2102300,Grayson County,49.0,57.0
2015,2102340,Green County,46.0,57.0
2015,2102400,Greenup County,45.0,54.0
2015,2102460,Hancock County,41.0,56.0
2015,2102490,Hardin County,48.0,54.0
2015,2102520,Harlan Independent,51.0,66.0
2015,2102540,Harlan County,43.0,56.0
2015,2102580,Harrison County,45.0,52.0
2015,2102640,Hart County,43.0,54.0
2015,2102670,Hazard Independent,52.0,63.0
2015,2102710,Henderson County,62.0,61.0
2015,2102760,Henry County,37.0,48.0
2015,2102790,Hickman County,41.0,58.0
2015,2102860,Hopkins County,55.0,59.0
2015,2102910,Jackson Independent,47.0,57.0
2015,2102940,Jackson County,37.0,49.0
2015,2102990,Jefferson County,44.0,48.0
2015,2103000,Jenkins Independent,44.0,54.0
2015,2103030,Jessamine County,49.0,58.0
2015,2103060,Johnson County,51.0,64.0
2015,2103090,Kenton County,56.0,62.0
2015,2103120,Knott County,46.0,56.0
2015,2103150,Knox County,41.0,47.0
2015,2103180,LaRue County,56.0,61.0
2015,2103210,Laurel County,57.0,64.0
2015,2103240,Lawrence County,32.0,53.0
2015,2103270,Lee County,48.0,56.0
2015,2103330,Leslie County,43.0,56.0
2015,2103360,Letcher County,44.0,58.0
2015,2103390,Lewis County,41.0,47.0
2015,2103480,Lincoln County,39.0,53.0
2015,2103510,Livingston County,41.0,55.0
2015,2103540,Logan County,55.0,61.0
2015,2103630,Ludlow Independent,45.0,52.0
2015,2103690,Lyon County,54.0,57.0
2015,2103720,Madison County,48.0,60.0
2015,2103750,Magoffin County,40.0,54.0
2015,2103780,Marion County,57.0,56.0
2015,2103810,Marshall County,46.0,64.0
2015,2103840,Martin County,35.0,48.0
2015,2103870,Mason County,44.0,51.0
2015,2103900,Mayfield Independent,43.0,50.0
2015,2103960,McCracken County,58.0,67.0
2015,2103990,McCreary County,42.0,49.0
2015,2104020,McLean County,46.0,56.0
2015,2104050,Meade County,61.0,59.0
2015,2104080,Menifee County,27.0,45.0
2015,2104110,Mercer County,33.0,53.0
2015,2104140,Metcalfe County,39.0,48.0
2015,2104170,Middlesboro Independent,28.0,44.0
2015,2104200,Monroe County,51.0,60.0
2015,2104250,Montgomery County,56.0,61.0
2015,2104290,Morgan County,51.0,59.0
2015,2104380,Murray Independent,77.0,75.0
2015,2104410,Nelson County,48.0,55.0
2015,2104440,Newport Independent,32.0,33.0
2015,2104470,Nicholas County,41.0,54.0
2015,2104500,Ohio County,42.0,52.0
2015,2104530,Oldham County,64.0,69.0
2015,2104560,Owen County,43.0,52.0
2015,2104590,Owensboro Independent,41.0,51.0
2015,2104620,Owsley County,33.0,45.0
2015,2104650,Paducah Independent,37.0,47.0
2015,2104680,Paintsville Independent,52.0,67.0
2015,2104710,Paris Independent,31.0,39.0
2015,2104740,Pendleton County,46.0,51.0
2015,2104770,Perry County,44.0,55.0
2015,2104800,Pike County,50.0,59.0
2015,2104830,Pikeville Independent,64.0,76.0
2015,2104860,Pineville Independent,34.0,49.0
2015,2104890,Powell County,42.0,50.0
2015,2104950,Pulaski County,57.0,63.0
2015,2104980,Raceland-Worthington Independent,49.0,56.0
2015,2105040,Robertson County,47.0,52.0
2015,2105070,Rockcastle County,49.0,57.0
2015,2105100,Rowan County,48.0,55.0
2015,2105130,Russell Independent,58.0,64.0
2015,2105160,Russell County,48.0,58.0
2015,2105190,Russellville Independent,37.0,46.0
2015,2105220,Science Hill Independent,46.0,67.0
2015,2105260,Scott County,54.0,62.0
2015,2105320,Shelby County,40.0,53.0
2015,2105370,Silver Grove Independent,17.0,22.0
2015,2105400,Simpson County,48.0,53.0
2015,2105430,Somerset Independent,53.0,66.0
2015,2105460,Southgate Independent,47.0,52.0
2015,2105490,Spencer County,57.0,64.0
2015,2105520,Taylor County,48.0,57.0
2015,2105550,Todd County,45.0,48.0
2015,2105580,Trigg County,37.0,56.0
2015,2105610,Trimble County,37.0,53.0
2015,2105640,Union County,45.0,49.0
2015,2105700,Walton-Verona Independent,57.0,65.0
2015,2105730,Warren County,51.0,59.0
2015,2105760,Washington County,46.0,55.0
2015,2105790,Wayne County,40.0,46.0
2015,2105820,Webster County,44.0,44.0
2015,2105850,West Point Independent,37.0,57.0
2015,2105880,Whitley County,54.0,63.0
2015,2105910,Williamsburg Independent,37.0,46.0
2015,2105940,Williamstown Independent,52.0,60.0
2015,2105970,Wolfe County,40.0,56.0
2015,2106000,Woodford County,58.0,63.0
2016,2100030,Adair County,44.0,52.0
2016,2100070,Allen County,51.0,59.0
2016,2100081,Muhlenberg County,47.0,59.0
2016,2100090,Anchorage Independent,83.0,89.0
2016,2100120,Anderson County,46.0,56.0
2016,2100150,Ashland Independent,43.0,59.0
2016,2100180,Augusta Independent,42.0,52.0
2016,2100210,Ballard County,47.0,59.0
2016,2100240,Barbourville Independent,44.0,57.0
2016,2100270,Bardstown Independent,39.0,56.0
2016,2100300,Barren County,48.0,59.0
2016,2100330,Bath County,46.0,56.0
2016,2100360,Beechwood Independent,65.0,74.0
2016,2100390,Bell County,44.0,59.0
2016,2100420,Bellevue Independent,37.0,45.0
2016,2100480,Berea Independent,30.0,48.0
2016,2100510,Boone County,51.0,61.0
2016,2100540,Bourbon County,41.0,54.0
2016,2100570,Bowling Green Independent,51.0,58.0
2016,2100620,Boyd County,41.0,55.0
2016,2100630,Boyle County,66.0,74.0
2016,2100660,Bracken County,41.0,52.0
2016,2100690,Breathitt County,37.0,45.0
2016,2100720,Breckinridge County,54.0,58.0
2016,2100750,Bullitt County,47.0,55.0
2016,2100780,Burgin Independent,48.0,61.0
2016,2100810,Butler County,33.0,47.0
2016,2100840,Caldwell County,50.0,55.0
2016,2100870,Calloway County,56.0,59.0
2016,2100900,Campbell County,56.0,64.0
2016,2100930,Campbellsville Independent,42.0,50.0
2016,2100960,Carlisle County,51.0,54.0
2016,2100990,Carroll County,34.0,43.0
2016,2101020,Carter County,52.0,60.0
2016,2101050,Casey County,60.0,62.0
2016,2101110,Caverna Independent,20.0,44.0
2016,2101150,Christian County,38.0,46.0
2016,2101200,Clark County,50.0,58.0
2016,2101230,Clay County,47.0,55.0
2016,2101260,Clinton County,36.0,45.0
2016,2101290,Cloverport Independent,46.0,55.0
2016,2101320,Corbin Independent,55.0,64.0
2016,2101350,Covington Independent,39.0,42.0
2016,2101380,Crittenden County,36.0,56.0
2016,2101410,Cumberland County,46.0,55.0
2016,2101440,Danville Independent,37.0,50.0
2016,2101470,Daviess County,51.0,59.0
2016,2101500,Dawson Springs Independent,38.0,41.0
2016,2101530,Dayton Independent,41.0,46.0
2016,2101590,East Bernstadt Independent,54.0,65.0
2016,2101620,Edmonson County,52.0,60.0
2016,2101650,Elizabethtown Independent,49.0,58.0
2016,2101680,Elliott County,31.0,49.0
2016,2101710,Eminence Independent,33.0,48.0
2016,2101740,Erlanger-Elsmere Independent,33.0,45.0
2016,2101760,Estill County,39.0,45.0
2016,2101800,Fairview Independent,21.0,44.0
2016,2101860,Fayette County,49.0,57.0
2016,2101920,Fleming County,56.0,58.0
2016,2101950,Floyd County,58.0,70.0
2016,2101980,Frankfort Independent,35.0,46.0
2016,2102010,Franklin County,39.0,53.0
2016,2102040,Fort Thomas Independent,72.0,79.0
2016,2102070,Fulton Independent,17.0,32.0
2016,2102100,Fulton County,34.0,47.0
2016,2102130,Gallatin County,38.0,46.0
2016,2102160,Garrard County,40.0,52.0
2016,2102220,Glasgow Independent,55.0,53.0
2016,2102250,Grant County,37.0,50.0
2016,2102280,Graves County,59.0,66.0
2016,2102300,Grayson County,53.0,59.0
2016,2102340,Green County,46.0,53.0
2016,2102400,Greenup County,42.0,54.0
2016,2102460,Hancock County,43.0,56.0
2016,2102490,Hardin County,45.0,53.0
2016,2102520,Harlan Independent,42.0,62.0
2016,2102540,Harlan County,40.0,58.0
2016,2102580,Harrison County,45.0,51.0
2016,2102640,Hart County,39.0,51.0
2016,2102670,Hazard Independent,60.0,69.0
2016,2102710,Henderson County,61.0,60.0
2016,2102760,Henry County,32.0,45.0
2016,2102790,Hickman County,34.0,54.0
2016,2102860,Hopkins County,51.0,59.0
2016,2102910,Jackson Independent,42.0,62.0
2016,2102940,Jackson County,39.0,53.0
2016,2102990,Jefferson County,41.0,47.0
2016,2103000,Jenkins Independent,47.0,57.0
2016,2103030,Jessamine County,44.0,58.0
2016,2103060,Johnson County,53.0,64.0
2016,2103090,Kenton County,55.0,62.0
2016,2103120,Knott County,48.0,59.0
2016,2103150,Knox County,40.0,51.0
2016,2103180,LaRue County,53.0,59.0
2016,2103210,Laurel County,58.0,66.0
2016,2103240,Lawrence County,36.0,53.0
2016,2103270,Lee County,48.0,56.0
2016,2103330,Leslie County,50.0,59.0
2016,2103360,Letcher County,44.0,60.0
2016,2103390,Lewis County,40.0,47.0
2016,2103480,Lincoln County,37.0,51.0
2016,2103510,Livingston County,40.0,57.0
2016,2103540,Logan County,54.0,59.0
2016,2103630,Ludlow Independent,37.0,54.0
2016,2103690,Lyon County,48.0,57.0
2016,2103720,Madison County,48.0,60.0
2016,2103750,Magoffin County,49.0,54.0
2016,2103780,Marion County,52.0,55.0
2016,2103810,Marshall County,38.0,58.0
2016,2103840,Martin County,36.0,51.0
2016,2103870,Mason County,40.0,52.0
2016,2103900,Mayfield Independent,45.0,50.0
2016,2103960,McCracken County,59.0,68.0
2016,2103990,McCreary County,45.0,53.0
2016,2104020,McLean County,47.0,54.0
2016,2104050,Meade County,59.0,62.0
2016,2104080,Menifee County,24.0,49.0
2016,2104110,Mercer County,36.0,53.0
2016,2104140,Metcalfe County,34.0,46.0
2016,2104170,Middlesboro Independent,38.0,52.0
2016,2104200,Monroe County,55.0,61.0
2016,2104250,Montgomery County,51.0,58.0
2016,2104290,Morgan County,49.0,61.0
2016,2104380,Murray Independent,78.0,79.0
2016,2104410,Nelson County,42.0,54.0
2016,2104440,Newport Independent,30.0,35.0
2016,2104470,Nicholas County,38.0,54.0
2016,2104500,Ohio County,39.0,53.0
2016,2104530,Oldham County,61.0,68.0
2016,2104560,Owen County,42.0,48.0
2016,2104590,Owensboro Independent,42.0,49.0
2016,2104620,Owsley County,32.0,43.0
2016,2104650,Paducah Independent,37.0,49.0
2016,2104680,Paintsville Independent,60.0,69.0
2016,2104710,Paris Independent,31.0,40.0
2016,2104740,Pendleton County,41.0,53.0
2016,2104770,Perry County,44.0,56.0
2016,2104800,Pike County,50.0,62.0
2016,2104830,Pikeville Independent,68.0,76.0
2016,2104860,Pineville Independent,30.0,49.0
2016,2104890,Powell County,42.0,51.0
2016,2104950,Pulaski County,61.0,65.0
2016,2104980,Raceland-Worthington Independent,48.0,59.0
2016,2105040,Robertson County,43.0,64.0
2016,2105070,Rockcastle County,48.0,60.0
2016,2105100,Rowan County,48.0,55.0
2016,2105130,Russell Independent,55.0,66.0
2016,2105160,Russell County,52.0,58.0
2016,2105190,Russellville Independent,35.0,46.0
2016,2105220,Science Hill Independent,51.0,66.0
2016,2105260,Scott County,47.0,60.0
2016,2105320,Shelby County,36.0,49.0
2016,2105370,Silver Grove Independent,12.0,32.0
2016,2105400,Simpson County,44.0,52.0
2016,2105430,Somerset Independent,54.0,64.0
2016,2105460,Southgate Independent,37.0,47.0
2016,2105490,Spencer County,55.0,64.0
2016,2105520,Taylor County,44.0,58.0
2016,2105550,Todd County,41.0,46.0
2016,2105580,Trigg County,32.0,51.0
2016,2105610,Trimble County,30.0,49.0
2016,2105640,Union County,37.0,51.0
2016,2105700,Walton-Verona Independent,57.0,63.0
2016,2105730,Warren County,48.0,58.0
2016,2105760,Washington County,42.0,54.0
2016,2105790,Wayne County,40.0,49.0
2016,2105820,Webster County,46.0,50.0
2016,2105850,West Point Independent,42.0,42.0
2016,2105880,Whitley County,53.0,66.0
2016,2105910,Williamsburg Independent,32.0,49.0
2016,2105940,Williamstown Independent,50.0,59.0
2016,2105970,Wolfe County,36.0,54.0
2016,2106000,Woodford County,61.0,64.0
2017,2100030,Adair County,44.0,50.0
2017,2100070,Allen County,46.0,58.0
2017,2100081,Muhlenberg County,49.0,61.0
2017,2100090,Anchorage Independent,82.0,91.0
2017,2100120,Anderson County,43.0,57.0
2017,2100150,Ashland Independent,44.0,59.0
2017,2100180,Augusta Independent,32.0,47.0
2017,2100210,Ballard County,45.0,57.0
2017,2100240,Barbourville Independent,54.0,65.0
2017,2100270,Bardstown Independent,41.0,56.0
2017,2100300,Barren County,50.0,58.0
2017,2100330,Bath County,43.0,53.0
2017,2100360,Beechwood Independent,70.0,73.0
2017,2100390,Bell County,43.0,57.0
2017,2100420,Bellevue Independent,40.0,47.0
2017,2100480,Berea Independent,36.0,49.0
2017,2100510,Boone County,52.0,60.0
2017,2100540,Bourbon County,43.0,54.0
2017,2100570,Bowling Green Independent,48.0,58.0
2017,2100620,Boyd County,43.0,56.0
2017,2100630,Boyle County,69.0,76.0
2017,2100660,Bracken County,36.0,52.0
2017,2100690,Breathitt County,36.0,49.0
2017,2100720,Breckinridge County,56.0,58.0
2017,2100750,Bullitt County,45.0,54.0
2017,2100780,Burgin Independent,50.0,63.0
2017,2100810,Butler County,37.0,46.0
2017,2100840,Caldwell County,52.0,56.0
2017,2100870,Calloway County,53.0,61.0
2017,2100900,Campbell County,55.0,63.0
2017,2100930,Campbellsville Independent,46.0,51.0
2017,2100960,Carlisle County,44.0,52.0
2017,2100990,Carroll County,32.0,41.0
2017,2101020,Carter County,53.0,59.0
2017,2101050,Casey County,55.0,59.0
2017,2101110,Caverna Independent,29.0,44.0
2017,2101150,Christian County,40.0,45.0
2017,2101200,Clark County,53.0,58.0
2017,2101230,Clay County,45.0,57.0
2017,2101260,Clinton County,32.0,45.0
2017,2101290,Cloverport Independent,43.0,51.0
2017,2101320,Corbin Independent,54.0,62.0
2017,2101350,Covington Independent,34.0,43.0
2017,2101380,Crittenden County,39.0,49.0
2017,2101410,Cumberland County,45.0,52.0
2017,2101440,Danville Independent,40.0,50.0
2017,2101470,Daviess County,51.0,59.0
2017,2101500,Dawson Springs Independent,33.0,42.0
2017,2101530,Dayton Independent,41.0,45.0
2017,2101590,East Bernstadt Independent,56.0,72.0
2017,2101620,Edmonson County,51.0,63.0
2017,2101650,Elizabethtown Independent,51.0,60.0
2017,2101680,Elliott County,36.0,51.0
2017,2101710,Eminence Independent,34.0,47.0
2017,2101740,Erlanger-Elsmere Independent,35.0,47.0
2017,2101760,Estill County,41.0,50.0
2017,2101800,Fairview Independent,24.0,43.0
2017,2101860,Fayette County,50.0,56.0
2017,2101920,Fleming County,59.0,54.0
2017,2101950,Floyd County,52.0,66.0
2017,2101980,Frankfort Independent,45.0,50.0
2017,2102010,Franklin County,41.0,50.0
2017,2102040,Fort Thomas Independent,76.0,79.0
2017,2102070,Fulton Independent,27.0,37.0
2017,2102100,Fulton County,50.0,59.0
2017,2102130,Gallatin County,37.0,49.0
2017,2102160,Garrard County,37.0,50.0
2017,2102220,Glasgow Independent,55.0,54.0
2017,2102250,Grant County,40.0,49.0
2017,2102280,Graves County,61.0,68.0
2017,2102300,Grayson County,51.0,60.0
2017,2102340,Green County,43.0,56.0
2017,2102400,Greenup County,43.0,54.0
2017,2102460,Hancock County,46.0,60.0
2017,2102490,Hardin County,45.0,53.0
2017,2102520,Harlan Independent,53.0,63.0
2017,2102540,Harlan County,43.0,60.0
2017,2102580,Harrison County,43.0,52.0
2017,2102640,Hart County,41.0,53.0
2017,2102670,Hazard Independent,45.0,58.0
2017,2102710,Henderson County,61.0,60.0
2017,2102760,Henry County,40.0,48.0
2017,2102790,Hickman County,44.0,55.0
2017,2102860,Hopkins County,51.0,60.0
2017,2102910,Jackson Independent,47.0,62.0
2017,2102940,Jackson County,38.0,53.0
2017,2102990,Jefferson County,38.0,47.0
2017,2103000,Jenkins Independent,35.0,43.0
2017,2103030,Jessamine County,44.0,57.0
2017,2103060,Johnson County,51.0,61.0
2017,2103090,Kenton County,56.0,63.0
2017,2103120,Knott County,46.0,60.0
2017,2103150,Knox County,39.0,51.0
2017,2103180,LaRue County,49.0,60.0
2017,2103210,Laurel County,62.0,67.0
2017,2103240,Lawrence County,38.0,56.0
2017,2103270,Lee County,40.0,50.0
2017,2103330,Leslie County,49.0,63.0
2017,2103360,Letcher County,45.0,58.0
2017,2103390,Lewis County,40.0,48.0
2017,2103480,Lincoln County,37.0,53.0
2017,2103510,Livingston County,44.0,56.0
2017,2103540,Logan County,52.0,57.0
2017,2103630,Ludlow Independent,37.0,55.0
2017,2103690,Lyon County,48.0,61.0
2017,2103720,Madison County,49.0,62.0
2017,2103750,Magoffin County,44.0,54.0
2017,2103780,Marion County,51.0,58.0
2017,2103810,Marshall County,38.0,57.0
2017,2103840,Martin County,32.0,48.0
2017,2103870,Mason County,45.0,51.0
2017,2103900,Mayfield Independent,43.0,50.0
2017,2103960,McCracken County,58.0,68.0
2017,2103990,McCreary County,43.0,54.0
2017,2104020,McLean County,53.0,58.0
2017,2104050,Meade County,57.0,62.0
2017,2104080,Menifee County,29.0,47.0
2017,2104110,Mercer County,39.0,54.0
2017,2104140,Metcalfe County,31.0,44.0
2017,2104170,Middlesboro Independent,34.0,48.0
2017,2104200,Monroe County,53.0,63.0
2017,2104250,Montgomery County,51.0,59.0
2017,2104290,Morgan County,46.0,56.0
2017,2104380,Murray Independent,74.0,74.0
2017,2104410,Nelson County,41.0,53.0
2017,2104440,Newport Independent,32.0,34.0
2017,2104470,Nicholas County,35.0,50.0
2017,2104500,Ohio County,43.0,56.0
2017,2104530,Oldham County,62.0,68.0
2017,2104560,Owen County,45.0,49.0
2017,2104590,Owensboro Independent,43.0,50.0
2017,2104620,Owsley County,24.0,38.0
2017,2104650,Paducah Independent,36.0,50.0
2017,2104680,Paintsville Independent,61.0,69.0
2017,2104710,Paris Independent,27.0,38.0
2017,2104740,Pendleton County,41.0,51.0
2017,2104770,Perry County,45.0,59.0
2017,2104800,Pike County,53.0,63.0
2017,2104830,Pikeville Independent,68.0,75.0
2017,2104860,Pineville Independent,35.0,55.0
2017,2104890,Powell County,40.0,55.0
2017,2104950,Pulaski County,61.0,67.0
2017,2104980,Raceland-Worthington Independent,47.0,63.0
2017,2105040,Robertson County,43.0,59.0
2017,2105070,Rockcastle County,46.0,59.0
2017,2105100,Rowan County,49.0,57.0
2017,2105130,Russell Independent,57.0,69.0
2017,2105160,Russell County,52.0,60.0
2017,2105190,Russellville Independent,36.0,42.0
2017,2105220,Science Hill Independent,46.0,67.0
2017,2105260,Scott County,48.0,59.0
2017,2105320,Shelby County,37.0,48.0
2017,2105370,Silver Grove Independent,27.0,32.0
2017,2105400,Simpson County,46.0,55.0
2017,2105430,Somerset Independent,58.0,67.0
2017,2105460,Southgate Independent,42.0,52.0
2017,2105490,Spencer County,57.0,67.0
2017,2105520,Taylor County,44.0,57.0
2017,2105550,Todd County,40.0,49.0
2017,2105580,Trigg County,37.0,57.0
2017,2105610,Trimble County,26.0,44.0
2017,2105640,Union County,40.0,51.0
2017,2105700,Walton-Verona Independent,54.0,66.0
2017,2105730,Warren County,48.0,58.0
2017,2105760,Washington County,46.0,57.0
2017,2105790,Wayne County,44.0,52.0
2017,2105820,Webster County,44.0,49.0
2017,2105850,West Point Independent,42.0,37.0
2017,2105880,Whitley County,60.0,70.0
2017,2105910,Williamsburg Independent,30.0,56.0
2017,2105940,Williamstown Independent,44.0,57.0
2017,2105970,Wolfe County,34.0,47.0
2017,2106000,Woodford County,59.0,64.0
2018,2100030,Adair County,50.0,54.0
2018,2100070,Allen County,47.0,56.0
2018,2100081,Muhlenberg County,50.0,59.0
2018,2100090,Anchorage Independent,84.0,88.0
2018,2100120,Anderson County,44.0,54.0
2018,2100150,Ashland Independent,48.0,59.0
2018,2100180,Augusta Independent,32.0,37.0
2018,2100210,Ballard County,43.0,56.0
2018,2100240,Barbourville Independent,50.0,63.0
2018,2100270,Bardstown Independent,40.0,56.0
2018,2100300,Barren County,49.0,60.0
2018,2100330,Bath County,41.0,55.0
2018,2100360,Beechwood Independent,68.0,73.0
2018,2100390,Bell County,41.0,58.0
2018,2100420,Bellevue Independent,33.0,45.0
2018,2100480,Berea Independent,34.0,51.0
2018,2100510,Boone County,53.0,61.0
2018,2100540,Bourbon County,45.0,53.0
2018,2100570,Bowling Green Independent,48.0,56.0
2018,2100620,Boyd County,38.0,54.0
2018,2100630,Boyle County,67.0,75.0
2018,2100660,Bracken County,44.0,50.0
2018,2100690,Breathitt County,36.0,50.0
2018,2100720,Breckinridge County,54.0,61.0
2018,2100750,Bullitt County,44.0,55.0
2018,2100780,Burgin Independent,55.0,64.0
2018,2100810,Butler County,38.0,47.0
2018,2100840,Caldwell County,57.0,58.0
2018,2100870,Calloway County,56.0,61.0
2018,2100900,Campbell County,54.0,61.0
2018,2100930,Campbellsville Independent,44.0,48.0
2018,2100960,Carlisle County,42.0,53.0
2018,2100990,Carroll County,26.0,38.0
2018,2101020,Carter County,56.0,59.0
2018,2101050,Casey County,57.0,61.0
2018,2101110,Caverna Independent,30.0,48.0
2018,2101150,Christian County,39.0,44.0
2018,2101200,Clark County,53.0,59.0
2018,2101230,Clay County,51.0,57.0
2018,2101260,Clinton County,30.0,46.0
2018,2101290,Cloverport Independent,42.0,52.0
2018,2101320,Corbin Independent,61.0,63.0
2018,2101350,Covington Independent,30.0,41.0
2018,2101380,Crittenden County,43.0,50.0
2018,2101410,Cumberland County,45.0,57.0
2018,2101440,Danville Independent,40.0,51.0
2018,2101470,Daviess County,50.0,57.0
2018,2101500,Dawson Springs Independent,37.0,45.0
2018,2101530,Dayton Independent,36.0,44.0
2018,2101590,East Bernstadt Independent,59.0,71.0
2018,2101620,Edmonson County,57.0,61.0
2018,2101650,Elizabethtown Independent,51.0,62.0
2018,2101680,Elliott County,37.0,52.0
2018,2101710,Eminence Independent,34.0,49.0
2018,2101740,Erlanger-Elsmere Independent,31.0,43.0
2018,2101760,Estill County,43.0,46.0
2018,2101800,Fairview Independent,21.0,41.0
2018,2101860,Fayette County,51.0,58.0
2018,2101920,Fleming County,55.0,58.0
2018,2101950,Floyd County,37.0,57.0
2018,2101980,Frankfort Independent,49.0,56.0
2018,2102010,Franklin County,40.0,51.0
2018,2102040,Fort Thomas Independent,70.0,77.0
2018,2102070,Fulton Independent,27.0,37.0
2018,2102100,Fulton County,31.0,34.0
2018,2102130,Gallatin County,35.0,47.0
2018,2102160,Garrard County,40.0,53.0
2018,2102220,Glasgow Independent,53.0,56.0
2018,2102250,Grant County,38.0,48.0
2018,2102280,Graves County,56.0,66.0
2018,2102300,Grayson County,50.0,57.0
2018,2102340,Green County,53.0,59.0
2018,2102400,Greenup County,42.0,53.0
2018,2102460,Hancock County,44.0,59.0
2018,2102490,Hardin County,43.0,53.0
2018,2102520,Harlan Independent,56.0,63.0
2018,2102540,Harlan County,42.0,59.0
2018,2102580,Harrison County,46.0,51.0
2018,2102640,Hart County,42.0,58.0
2018,2102670,Hazard Independent,48.0,59.0
2018,2102710,Henderson County,59.0,57.0
2018,2102760,Henry County,42.0,47.0
2018,2102790,Hickman County,51.0,54.0
2018,2102860,Hopkins County,50.0,60.0
2018,2102910,Jackson Independent,47.0,67.0
2018,2102940,Jackson County,39.0,57.0
2018,2102990,Jefferson County,36.0,46.0
2018,2103000,Jenkins Independent,23.0,48.0
2018,2103030,Jessamine County,45.0,57.0
2018,2103060,Johnson County,49.0,62.0
2018,2103090,Kenton County,55.0,62.0
2018,2103120,Knott County,38.0,55.0
2018,2103150,Knox County,44.0,57.0
2018,2103180,LaRue County,46.0,59.0
2018,2103210,Laurel County,60.0,67.0
2018,2103240,Lawrence County,40.0,60.0
2018,2103270,Lee County,39.0,52.0
2018,2103330,Leslie County,45.0,59.0
2018,2103360,Letcher County,44.0,57.0
2018,2103390,Lewis County,38.0,47.0
2018,2103480,Lincoln County,38.0,51.0
2018,2103510,Livingston County,37.0,56.0
2018,2103540,Logan County,52.0,58.0
2018,2103630,Ludlow Independent,43.0,59.0
2018,2103690,Lyon County,60.0,65.0
2018,2103720,Madison County,47.0,61.0
2018,2103750,Magoffin County,46.0,56.0
2018,2103780,Marion County,49.0,55.0
2018,2103810,Marshall County,36.0,54.0
2018,2103840,Martin County,35.0,52.0
2018,2103870,Mason County,43.0,51.0
2018,2103900,Mayfield Independent,39.0,46.0
2018,2103960,McCracken County,56.0,67.0
2018,2103990,McCreary County,45.0,54.0
2018,2104020,McLean County,54.0,61.0
2018,2104050,Meade County,56.0,60.0
2018,2104080,Menifee County,36.0,50.0
2018,2104110,Mercer County,42.0,58.0
2018,2104140,Metcalfe County,28.0,43.0
2018,2104170,Middlesboro Independent,34.0,51.0
2018,2104200,Monroe County,59.0,64.0
2018,2104250,Montgomery County,45.0,58.0
2018,2104290,Morgan County,44.0,56.0
2018,2104380,Murray Independent,73.0,77.0
2018,2104410,Nelson County,40.0,54.0
2018,2104440,Newport Independent,25.0,32.0
2018,2104470,Nicholas County,44.0,49.0
2018,2104500,Ohio County,44.0,57.0
2018,2104530,Oldham County,63.0,69.0
2018,2104560,Owen County,43.0,50.0
2018,2104590,Owensboro Independent,43.0,50.0
2018,2104620,Owsley County,30.0,45.0
2018,2104650,Paducah Independent,36.0,53.0
2018,2104680,Paintsville Independent,53.0,69.0
2018,2104710,Paris Independent,30.0,36.0
2018,2104740,Pendleton County,37.0,51.0
2018,2104770,Perry County,46.0,61.0
2018,2104800,Pike County,48.0,60.0
2018,2104830,Pikeville Independent,68.0,72.0
2018,2104860,Pineville Independent,30.0,56.0
2018,2104890,Powell County,39.0,50.0
2018,2104950,Pulaski County,61.0,66.0
2018,2104980,Raceland-Worthington Independent,40.0,59.0
2018,2105040,Robertson County,48.0,59.0
2018,2105070,Rockcastle County,44.0,58.0
2018,2105100,Rowan County,47.0,53.0
2018,2105130,Russell Independent,62.0,67.0
2018,2105160,Russell County,52.0,58.0
2018,2105190,Russellville Independent,32.0,44.0
2018,2105220,Science Hill Independent,57.0,70.0
2018,2105260,Scott County,46.0,60.0
2018,2105320,Shelby County,36.0,48.0
2018,2105370,Silver Grove Independent,17.0,37.0
2018,2105400,Simpson County,47.0,55.0
2018,2105430,Somerset Independent,53.0,62.0
2018,2105460,Southgate Independent,37.0,57.0
2018,2105490,Spencer County,55.0,65.0
2018,2105520,Taylor County,46.0,55.0
2018,2105550,Todd County,39.0,54.0
2018,2105580,Trigg County,43.0,56.0
2018,2105610,Trimble County,24.0,43.0
2018,2105640,Union County,40.0,53.0
2018,2105700,Walton-Verona Independent,50.0,64.0
2018,2105730,Warren County,48.0,59.0
2018,2105760,Washington County,46.0,56.0
2018,2105790,Wayne County,41.0,54.0
2018,2105820,Webster County,42.0,50.0
2018,2105850,West Point Independent,27.0,27.0
2018,2105880,Whitley County,58.0,68.0
2018,2105910,Williamsburg Independent,38.0,60.0
2018,2105940,Williamstown Independent,44.0,54.0
2018,2105970,Wolfe County,31.0,47.0
2018,2106000,Woodford County,60.0,66.0
