school,district,last_open_year,closed_for_sy,enrollment,level,city,county_fips,locale,town_lost_last_school,successor_school
ESTILL CO ALT SCHOOL,ESTILL CO,1994,1995,15,unknown,,,6,,
HAMPTON EL,LIVINGSTON CO,1994,1995,98,unknown,,,7,,
SALEM EL,LIVINGSTON CO,1994,1995,138,unknown,,,7,,
ISLAND EL,MCLEAN CO,1994,1995,84,unknown,,,7,,
M C NAPIER HS,PERRY CO,1994,1995,894,unknown,,,6,,
POWERSBURG EL,WAYNE CO,1994,1995,65,unknown,,,6,,
ROCKY BRANCH EL,WAYNE CO,1994,1995,117,unknown,,,7,,
SINKING CONSOLIDATED EL,WAYNE CO,1994,1995,86,unknown,,,6,,
HOLMES MILL EL,HARLAN CO,1995,1996,69,unknown,,,7,,
CHARLESTON EL,HOPKINS CO,1995,1996,221,unknown,,,6,,
DALTON EL,HOPKINS CO,1995,1996,214,unknown,,,6,,
NEBO EL,HOPKINS CO,1995,1996,330,unknown,,,7,,
SOUTH HOPKINS HS,HOPKINS CO,1995,1996,580,unknown,,,7,,
WEST HOPKINS HS,HOPKINS CO,1995,1996,346,unknown,,,7,,
JACKSON IND MIDDLE SCH,JACKSON IND,1995,1996,142,unknown,,,7,,
THE LIFE CONNECTION,LARUE CO,1995,1996,14,unknown,,,6,,
HEMPHILL EL,LETCHER CO,1995,1996,120,unknown,,,7,,
ADAIRVILLE EL,LOGAN CO,1995,1996,207,unknown,,,7,,
AUBURN EL,LOGAN CO,1995,1996,344,unknown,,,7,,
CHANDLERS EL,LOGAN CO,1995,1996,229,unknown,,,6,,
OLMSTEAD EL,LOGAN CO,1995,1996,206,unknown,,,7,,
ADAIRVILLE MID,LOGAN CO,1995,1996,140,unknown,,,7,,
AUBURN MID,LOGAN CO,1995,1996,226,unknown,,,7,,
CHANDLERS MID,LOGAN CO,1995,1996,113,unknown,,,6,,
LEWISBURG MIDDLE SCHOOL,LOGAN CO,1995,1996,222,unknown,,,7,,
OLMSTEAD MID,LOGAN CO,1995,1996,121,unknown,,,7,,
CROCKETT EL,MORGAN CO,1995,1996,145,unknown,,,7,,
OWEN CO ALT SCHOOL,OWEN CO,1995,1996,11,unknown,,,7,,
PAINTSVILLE MID,PAINTSVILLE IND,1995,1996,129,unknown,,,6,,
BRUSHY EL,PIKE CO,1995,1996,75,unknown,,,7,,
SOUTH WILLIAMSON EL,PIKE CO,1995,1996,128,unknown,,,7,,
SYCAMORE EL,PIKE CO,1995,1996,102,unknown,,,7,,
TURKEY CREEK EL,PIKE CO,1995,1996,286,unknown,,,7,,
VARNEY EL,PIKE CO,1995,1996,302,unknown,,,7,,
MCQUADY EL,BRECKINRIDGE CO,1996,1997,196,unknown,,,7,,
MILNER EL,BRECKINRIDGE CO,1996,1997,103,unknown,,,7,,
VALLEY VIEW ELEM,ELIZABETHTOWN IND,1996,1997,187,unknown,,,6,,
MAYTOWN EL,FLOYD CO,1996,1997,74,unknown,,,7,,
BROWN ST CENTER,HARDIN CO,1996,1997,367,unknown,,,6,,
COLLEGE ST CENTER,HARDIN CO,1996,1997,65,unknown,,,6,,
HARLAN MIDDLE SCHOOL,HARLAN IND,1996,1997,272,unknown,,,6,,
JENKINS MS,JENKINS IND,1996,1997,170,unknown,,,6,,
JENKINS HS,JENKINS IND,1996,1997,239,unknown,,,6,,
LETCHER CO ALT SCHOOL,LETCHER CO,1996,1997,14,unknown,,,7,,
MOUTH OF TURKEY EL,MARTIN CO,1996,1997,55,unknown,,,7,,
BUFFALO TRACE REG. ALT SCH,MASON CO,1996,1997,31,unknown,,,6,,
CENTRAL EL,MEADE CO,1996,1997,259,unknown,,,7,,
PENDLETON CO MID,PENDLETON CO,1996,1997,441,unknown,,,7,,
CUMBERLAND ALT SCH,RUSSELL CO,1996,1997,25,unknown,,,7,,
PENNYRILE ACC. LRNG. SCHOOL,TODD CO,1996,1997,11,unknown,,,7,,
WEBSTER CO ALT SCHOOL,WEBSTER CO,1996,1997,8,unknown,,,7,,
MAYFIELD TREATMT CTR FOR BOYS,CALLOWAY CO,1997,1998,31,unknown,,,7,,
FRANCES EL,CRITTENDEN CO,1997,1998,87,unknown,,,6,,
TOLU EL,CRITTENDEN CO,1997,1998,84,unknown,,,7,,
IRVINE EL,ESTILL CO,1997,1998,203,unknown,,,6,,
HARGETT EL,ESTILL CO,1997,1998,158,unknown,,,6,,
RAVENNA EL,ESTILL CO,1997,1998,116,unknown,,,7,,
ESTILL SPRINGS MID,ESTILL CO,1997,1998,395,unknown,,,6,,
AUXIER EL,FLOYD CO,1997,1998,142,unknown,,,7,,
HAROLD EL,FLOYD CO,1997,1998,205,unknown,,,7,,
MARTIN MIDDLE SCHOOL,FLOYD CO,1997,1998,166,unknown,,,7,,
MELVIN EL,FLOYD CO,1997,1998,249,unknown,,,7,,
PRATER EL,FLOYD CO,1997,1998,181,unknown,,,7,,
JACKSON EL,JACKSON IND,1997,1998,226,unknown,,,7,,
JACKSON HS,JACKSON IND,1997,1998,139,unknown,,,7,,
BURDINE EL,JENKINS IND,1997,1998,193,unknown,,,6,,
MCROBERTS EL,JENKINS IND,1997,1998,57,unknown,,,7,,
CAMPBELLS BRANCH EL,LETCHER CO,1997,1998,74,unknown,,,7,,
EMINENCE MIDDLE,EMINENCE IND,1998,1999,159,unknown,EMINENCE,,7,False,
MAGOFFIN ELEM,MAGOFFIN CO,1998,1999,122,unknown,SALYERSVILLE,,7,False,
MEMORIAL EL,SOMERSET IND,1998,1999,264,unknown,SOMERSET,,6,False,
MACKVILLE EL,WASHINGTON CO,1998,1999,161,unknown,MACKVILLE,,7,True,
WILLISBURG EL,WASHINGTON CO,1998,1999,297,unknown,WILLISBURG,,7,False,
ARJAY EL,BELL CO,1999,2000,130,unknown,ARJAY,,7,True,
CUBAGE EL,BELL CO,1999,2000,91,unknown,CUBBAGE,,7,True,
HARMONY EL,BELL CO,1999,2000,81,unknown,PINEVILLE,,7,False,
PAGE EL,BELL CO,1999,2000,174,unknown,PINEVILLE,,7,False,
WARD CHAPEL EL,BELL CO,1999,2000,200,unknown,MIDDLESBORO,,6,False,
BELL CO MID,BELL CO,1999,2000,452,unknown,PINEVILLE,,7,False,
LYNN EL,GREENUP CO,1999,2000,114,unknown,GREENUP,,8,False,
WARNOCK EL,GREENUP CO,1999,2000,113,unknown,GREENUP,,8,False,
GRASSY EL,MARTIN CO,1999,2000,135,unknown,INEZ,,7,False,
TOMAHAWK EL,MARTIN CO,1999,2000,206,unknown,TOMAHAWK,,7,False,
NEW HAVEN EL,NELSON CO,1999,2000,219,unknown,NEW HAVEN,,7,False,
NEW HAVEN MIDDLE,NELSON CO,1999,2000,151,unknown,NEW HAVEN,,7,False,
NELSON CO CHOICE CTR,NELSON CO,1999,2000,9,unknown,BARDSTOWN,,6,False,
JOHN ADAIR MS,ADAIR CO,2000,2001,543,middle,COLUMBIA,,6,False,
BLACKMONT EL,BELL CO,2000,2001,183,elementary,HULEN,,7,True,
WESTERN EL,HARDIN CO,2000,2001,106,elementary,EASTVIEW,,7,True,
CUMBERLAND MIDDLE,HARLAN CO,2000,2001,281,middle,CUMBERLAND,,6,False,
LOYALL EL,HARLAN CO,2000,2001,288,elementary,LOYALL,,7,True,
VERDA EL,HARLAN CO,2000,2001,285,elementary,VERDA,,7,True,
FARMERS EL,ROWAN CO,2000,2001,144,elementary,FARMERS,,7,True,
WESTERN ELEMENTARY SCHOOL,ANDERSON COUNTY,2001,2002,142,elementary,LAWRENCEBURG,,7,False,
TOMAHAWK ELEMENTARY SCHOOL,MARTIN COUNTY,2001,2002,203,elementary,TOMAHAWK,,7,True,
NEW HORIZONS HIGH SCHOOL,NELSON COUNTY,2001,2002,28,high,BARDSTOWN,,7,False,
ELKHORN CITY HIGH SCHOOL,PIKE COUNTY,2001,2002,250,high,ELKHORN CITY,,7,False,
FEDS CREEK HIGH SCHOOL,PIKE COUNTY,2001,2002,236,high,FEDSCREEK,,7,False,
GREASY CREEK ELEMENTARY SCHOOL,PIKE COUNTY,2001,2002,101,elementary,SHELBIANA,,7,True,
LOOKOUT ELEMENTARY SCHOOL,PIKE COUNTY,2001,2002,212,elementary,LOOKOUT,,7,True,
MILLARD HIGH SCHOOL,PIKE COUNTY,2001,2002,511,high,PIKEVILLE,,6,False,
NORTHSIDE ELEMENTARY SCHOOL,SHELBY COUNTY,2001,2002,280,middle,SHELBYVILLE,,6,False,
THIRD DISTRICT ELEMENTARY SCHOOL,BUTLER COUNTY,2002,2003,94,elementary,ROCHESTER,21031,7,True,
BELLEWOOD PRESBYTERIAN HOME ALT SCH,FAYETTE COUNTY,2002,2003,13,elementary,LEXINGTON,21067,8,False,
LYNNVALE ELEMENTARY SCHOOL,HARDIN COUNTY,2002,2003,364,elementary,WHITE MILLS,21093,8,True,
VISALIA ELEMENTARY SCHOOL,KENTON COUNTY,2002,2003,138,elementary,COVINGTON,21117,8,False,
BEECH FORK ELEMENTARY SCHOOL,LESLIE COUNTY,2002,2003,82,elementary,HELTON,21131,7,True,
MANNSVILLE ELEMENTARY SCHOOL,TAYLOR COUNTY,2002,2003,81,elementary,MANNSVILLE,21217,7,True,
AUGUSTA ELEMENTARY SCHOOL,AUGUSTA INDEPENDENT,2003,2004,148,elementary,AUGUSTA,21023,8,False,
AUGUSTA HIGH SCHOOL,AUGUSTA INDEPENDENT,2003,2004,130,high,AUGUSTA,21023,8,False,
LAUREL CREEK ELEMENTARY SCHOOL,CLAY COUNTY,2003,2004,155,elementary,MANCHESTER,21051,7,False,
PHILPOT ELEMENTARY SCHOOL,DAVIESS COUNTY,2003,2004,175,elementary,PHILPOT,21059,8,True,
BALD KNOB ELEMENTARY SCHOOL,FRANKLIN COUNTY,2003,2004,175,elementary,FRANKFORT,21073,7,False,
MCKELL UPPER ELEMENTARY SCHOOL,GREENUP COUNTY,2003,2004,181,middle,SOUTH SHORE,21089,8,False,
MOUTH OF PIGEON ROOST ELEM SCHOOL,MARTIN COUNTY,2003,2004,130,elementary,PILGRIM,21159,7,True,
GRAHAM ELEMENTARY SCHOOL,MUHLENBERG COUNTY,2003,2004,214,elementary,GRAHAM,21177,7,True,
LAKE MALONE ELEMENTARY SCHOOL,MUHLENBERG COUNTY,2003,2004,131,elementary,BELTON,21177,7,True,
CHAPLIN ELEMENTARY SCHOOL,NELSON COUNTY,2003,2004,133,elementary,CHAPLIN,21179,8,True,
ELI H BROWN JR ELEMENTARY SCHOOL,NELSON COUNTY,2003,2004,219,elementary,BLOOMFIELD,21179,8,False,
GRAPEVINE ELEMENTARY SCHOOL,PIKE COUNTY,2003,2004,113,elementary,PHYLLIS,21195,7,True,
JACKSON ROWE ELEMENTARY SCHOOL,PIKE COUNTY,2003,2004,260,elementary,STEELE,21195,7,True,
BARBOURVILLE ELEMENTARY,BARBOURVILLE INDEPENDENT,2004,2005,351,elementary,BARBOURVILLE,21121,6,False,
BARBOURVILLE HIGH SCHOOL,BARBOURVILLE INDEPENDENT,2004,2005,285,high,BARBOURVILLE,21121,6,False,
FIFTH DISTRICT ELEMENTARY SCHOOL,BUTLER COUNTY,2004,2005,207,elementary,MORGANTOWN,21031,7,False,
FOURTH DISTRICT ELEMENTARY SCHOOL,BUTLER COUNTY,2004,2005,123,elementary,MORGANTOWN,21031,7,False,
A.J. JOLLY ELEMENTARY SCHOOL,CAMPBELL COUNTY,2004,2005,147,elementary,CALIFORNIA,21037,8,True,
E B TERRY ELEMENTARY SCHOOL,GLASGOW INDEPENDENT,2004,2005,222,elementary,GLASGOW,21009,6,False,
HAPPY VALLEY ELEMENTARY SCHOOL,GLASGOW INDEPENDENT,2004,2005,231,elementary,GLASGOW,21009,6,False,
HAWESVILLE ELEMENTARY SCHOOL,HANCOCK COUNTY,2004,2005,264,elementary,HAWESVILLE,21091,8,False,
LEWISPORT ELEMENTARY SCHOOL,HANCOCK COUNTY,2004,2005,227,elementary,LEWISPORT,21091,8,False,
CREEKSIDE ELEMENTARY SCHOOL-SONORA,HARDIN COUNTY,2004,2005,279,elementary,SONORA,21093,8,False,
CREEKSIDE ELEMENTARY-UPTON CAMPUS,HARDIN COUNTY,2004,2005,105,elementary,UPTON,21093,8,True,
BECKHAM COMBS ELEMENTARY SCHOOL,KNOTT COUNTY,2004,2005,136,elementary,VEST,21119,7,True,
CANEY CREEK ELEMENTARY SCHOOL,KNOTT COUNTY,2004,2005,126,elementary,PIPPA PASSES,21119,7,True,
FLEMING NEON HIGH SCHOOL,LETCHER COUNTY,2004,2005,218,high,NEON,21133,7,False,
LETCHER HIGH SCHOOL,LETCHER COUNTY,2004,2005,178,high,LETCHER,21133,7,False,
WHITESBURG HIGH SCHOOL,LETCHER COUNTY,2004,2005,614,high,WHITESBURG,21133,7,False,
GRAND RIVERS ELEMENTARY SCHOOL,LIVINGSTON COUNTY,2004,2005,93,elementary,GRAND RIVERS,21139,7,True,
LEDBETTER ELEMENTARY SCHOOL,LIVINGSTON COUNTY,2004,2005,187,elementary,LEDBETTER,21139,7,True,
SMITHLAND ELEMENTARY SCHOOL,LIVINGSTON COUNTY,2004,2005,183,elementary,SMITHLAND,21139,7,False,
EARLE D JONES ELEMENTARY SCHOOL,MASON COUNTY,2004,2005,390,middle,MAYSVILLE,21161,6,False,
LONGFELLOW ELEMENTARY SCHOOL,MAYFIELD INDEPENDENT,2004,2005,379,elementary,MAYFIELD,21083,6,False,
SPARKS ELEMENTARY SCHOOL,MAYFIELD INDEPENDENT,2004,2005,210,middle,MAYFIELD,21083,6,False,
EAGLE ELEMENTARY SCHOOL,MCCREARY COUNTY,2004,2005,116,elementary,PARKERS LAKE,21147,7,True,
WHITLEY CITY MIDDLE SCHOOL,MCCREARY COUNTY,2004,2005,442,middle,STEARNS,21147,7,False,
PINE KNOT ELEMENTARY SCHOOL,MCCREARY COUNTY,2004,2005,533,elementary,PINE KNOT,21147,7,False,
PINE KNOT MIDDLE SCHOOL,MCCREARY COUNTY,2004,2005,338,middle,PINE KNOT,21147,7,False,
SMITHTOWN ELEMENTARY SCHOOL,MCCREARY COUNTY,2004,2005,148,elementary,STEARNS,21147,7,False,
STEARNS ELEMENTARY SCHOOL,MCCREARY COUNTY,2004,2005,230,elementary,STEARNS,21147,7,False,
DRAKESBORO CONSOLIDATED ELEM SCHOOL,MUHLENBERG COUNTY,2004,2005,197,elementary,DRAKESBORO,21177,7,True,
HUGHES KIRK ELEMENTARY SCHOOL,MUHLENBERG COUNTY,2004,2005,397,elementary,BEECHMONT,21177,7,False,
TURKEY CREEK MIDDLE SCHOOL,PIKE COUNTY,2004,2005,205,middle,TURKEY CREEK,21195,7,True,
MOREHEAD ELEMENTARY SCHOOL,ROWAN COUNTY,2004,2005,422,elementary,MOREHEAD,21205,6,False,
KNIFLEY ELEMENTARY SCHOOL,ADAIR COUNTY,2005,2006,143,elementary,KNIFLEY,21001,7,True,
SHEPHERD ELEMENTARY SCHOOL,ADAIR COUNTY,2005,2006,190,elementary,COLUMBIA,21001,7,False,
SPARKSVILLE ELEMENTARY SCHOOL,ADAIR COUNTY,2005,2006,146,elementary,COLUMBIA,21001,7,False,
MILLERSBURG ELEMENTARY SCHOOL,BOURBON COUNTY,2005,2006,119,elementary,MILLERSBURG,21017,8,True,
GARRETT ELEMENTARY SCHOOL,CASEY COUNTY,2005,2006,146,elementary,BETHELRIDGE,21045,7,True,
MIDDLEBURG ELEMENTARY SCHOOL,CASEY COUNTY,2005,2006,319,elementary,MIDDLEBURG,21045,7,True,
ATHENS ELEMENTARY SCHOOL,FAYETTE COUNTY,2005,2006,365,elementary,LEXINGTON,21067,8,False,
FULTON COUNTY ELEMENTARY SCHOOL,FULTON COUNTY,2005,2006,269,elementary,HICKMAN,21075,7,False,
EVAN HARLOW ELEMENTARY SCHOOL,HARRODSBURG INDEPENDENT,2005,2006,409,elementary,HARRODSBURG,21167,6,False,
HARRODSBURG MIDDLE SCHOOL,HARRODSBURG INDEPENDENT,2005,2006,207,middle,HARRODSBURG,21167,6,False,
HARRODSBURG HIGH SCHOOL,HARRODSBURG INDEPENDENT,2005,2006,239,high,HARRODSBURG,21167,6,False,
BUFFALO ELEMENTARY SCHOOL,LARUE COUNTY,2005,2006,217,elementary,BUFFALO,21123,8,True,
MAGNOLIA ELEMENTARY SCHOOL,LARUE COUNTY,2005,2006,195,elementary,MAGNOLIA,21123,8,False,
LOUISA ELEMENTARY SCHOOL,LAWRENCE COUNTY,2005,2006,726,elementary,LOUISA,21127,7,False,
KINGS MOUNTAIN ELEMENTARY SCHOOL,LINCOLN COUNTY,2005,2006,142,elementary,WAYNESBURG,21137,7,False,
MERCER COUNTY HIGH SCHOOL,MERCER COUNTY,2005,2006,717,high,HARRODSBURG,21167,7,False,
BROADWAY ELEMENTARY SCHOOL,PROVIDENCE INDEPENDENT,2005,2006,267,elementary,PROVIDENCE,21233,8,False,
DOUGLAS ELEMENTARY SCHOOL,CASEY COUNTY,2006,2007,176,elementary,LIBERTY,21045,43,False,
PHELPS ELEMENTARY SCHOOL,CASEY COUNTY,2006,2007,121,elementary,WINDSOR,21045,43,True,
PHILLIPS ELEMENTARY SCHOOL,CASEY COUNTY,2006,2007,172,elementary,LIBERTY,21045,43,False,
HORSE CREEK ELEMENTARY SCHOOL,CLAY COUNTY,2006,2007,217,elementary,MANCHESTER,21051,41,False,
CORBIN EAST SCHOOL,CORBIN INDEPENDENT,2006,2007,8,high,CORBIN,21121,33,False,
DAWSON SPRINGS HIGH SCHOOL,DAWSON SPRINGS INDEPENDENT,2006,2007,181,high,DAWSON SPRINGS,21107,33,False,
DAWSON SPRINGS MIDDLE SCHOOL,DAWSON SPRINGS INDEPENDENT,2006,2007,218,middle,DAWSON SPRINGS,21107,33,False,
CHARLES CLARK ELEMENTARY SCHOOL,FLOYD COUNTY,2006,2007,183,elementary,PRESTONSBURG,21071,41,False,
CARR ELEMENTARY SCHOOL,FULTON INDEPENDENT,2006,2007,226,elementary,FULTON,21075,33,False,
FULTON CITY HIGH SCHOOL,FULTON INDEPENDENT,2006,2007,205,high,FULTON,21075,33,False,
BIG CREEK ELEMENTARY SCHOOL,LESLIE COUNTY,2006,2007,80,elementary,BEAR BRANCH,21131,43,True,
KINGDOM COME SETTLEMENT ELEM SCHOOL,LETCHER COUNTY,2006,2007,67,elementary,LINEFORK,21133,41,True,
HARRODSBURG MIDDLE SCHOOL,MERCER COUNTY,2006,2007,193,middle,HARRODSBURG,21167,32,False,
CANNEL CITY ELEMENTARY SCHOOL,MORGAN COUNTY,2006,2007,106,elementary,CANNEL CITY,21175,42,True,
WRIGLEY ELEMENTARY SCHOOL,MORGAN COUNTY,2006,2007,136,elementary,WEST LIBERTY,21175,43,False,
COOPER WHITESIDE ELEMENTARY SCHOOL,PADUCAH INDEPENDENT,2006,2007,208,elementary,PADUCAH,21145,33,False,
CARE ACADEMY INC.,WASHINGTON COUNTY,2006,2007,48,high,WILLISBURG,21229,43,False,
A J LLOYD MIDDLE SCHOOL,WAYNE COUNTY,2006,2007,381,middle,MONTICELLO,21231,33,False,
NEVISDALE ELEMENTARY SCHOOL,WHITLEY COUNTY,2006,2007,100,elementary,NEVISDALE,21235,42,True,
POPLAR CREEK ELEMENTARY SCHOOL,WHITLEY COUNTY,2006,2007,142,elementary,SILER,21235,43,False,
CENTRAL PRIMARY SCHOOL,CORBIN INDEPENDENT,2007,2008,613,elementary,CORBIN,21235,33,False,
SOUTH ELEMENTARY SCHOOL,CORBIN INDEPENDENT,2007,2008,549,elementary,CORBIN,21235,33,False,
UTICA ELEMENTARY SCHOOL,DAVIESS COUNTY,2007,2008,251,elementary,UTICA,21059,42,False,
LINLEE ELEMENTARY SCHOOL,FAYETTE COUNTY,2007,2008,513,elementary,LEXINGTON,21067,41,False,
CUMBERLAND HIGH SCHOOL,HARLAN COUNTY,2007,2008,310,high,CUMBERLAND,21095,32,False,
EVARTS HIGH SCHOOL,HARLAN COUNTY,2007,2008,332,high,EVARTS,21095,41,False,
JAMES A CAWOOD HIGH SCHOOL,HARLAN COUNTY,2007,2008,668,high,HARLAN,21095,32,False,
JENKINS ELEMENTARY SCHOOL,JENKINS INDEPENDENT,2007,2008,304,elementary,BURDINE,21133,43,True,
CORDIA HIGH SCHOOL,KNOTT COUNTY,2007,2008,115,high,HAZARD,21193,41,False,
ARTEMUS ELEMENTARY SCHOOL,KNOX COUNTY,2007,2008,108,elementary,ARTEMUS,21121,41,True,
BOONE ELEMENTARY SCHOOL,KNOX COUNTY,2007,2008,262,elementary,BARBOURVILLE,21121,41,False,
JOHN T ARNETT ELEMENTARY SCHOOL,MAGOFFIN COUNTY,2007,2008,69,elementary,GUNLOCK,21153,43,True,
MIDDLE FORK ELEMENTARY SCHOOL,MAGOFFIN COUNTY,2007,2008,171,elementary,SALYERSVILLE,21153,43,False,
MILLARD HENSLEY ELEMENTARY SCHOOL,MAGOFFIN COUNTY,2007,2008,193,elementary,SALYERSVILLE,21153,43,False,
PRATER BORDERS ELEMENTARY SCHOOL,MAGOFFIN COUNTY,2007,2008,118,elementary,SALYERSVILLE,21153,42,False,
SALYER ELEMENTARY SCHOOL,MAGOFFIN COUNTY,2007,2008,205,elementary,SALYERSVILLE,21153,43,False,
RUSSELLVILLE MIDDLE SCHOOL,RUSSELLVILLE INDEPENDENT,2007,2008,125,middle,RUSSELLVILLE,21141,32,False,
BETHEL ELEMENTARY SCHOOL,BATH CO,2008,2009,130,elementary,SHARPSBURG,21011,43,True,
SALT LICK ELEMENTARY SCHOOL,BATH CO,2008,2009,180,elementary,SALT LICK,21011,42,True,
GREENSBURG ELEMENTARY SCHOOL,GREEN COUNTY,2008,2009,503,elementary,GREENSBURG,21087,42,False,
PIERCE ELEMENTARY SCHOOL,GREEN COUNTY,2008,2009,106,elementary,GREENSBURG,21087,43,False,
SUMMERSVILLE ELEMENTARY SCHOOL,GREEN COUNTY,2008,2009,161,elementary,SUMMERSVILLE,21087,43,True,
MENIFEE COUNTY MIDDLE SCHOOL,MENIFEE COUNTY,2008,2009,259,middle,FRENCHBURG,21165,43,False,
MUHLENBERG NORTH HIGH SCHOOL,MUHLENBERG COUNTY,2008,2009,767,high,GREENVILLE,21177,41,False,
MUHLENBERG SOUTH HIGH SCHOOL,MUHLENBERG COUNTY,2008,2009,659,high,GREENVILLE,21177,41,False,
LOST CREEK ELEMENTARY SCHOOL,PERRY COUNTY,2008,2009,101,elementary,DICE,21193,42,True,
MILLARD MIDDLE SCHOOL,PIKE COUNTY,2008,2009,487,middle,PIKEVILLE,21195,42,False,
FREDERICKTOWN ELEMENTARY SCHOOL,WASHINGTON COUNTY,2008,2009,75,elementary,SPRINGFIELD,21179,42,False,
WEST KNOX COUNTY ELEMENTARY SCHOOL,KNOX COUNTY,2009,2010,637,elementary,CORBIN,21121,33,False,
EVAN HARLOW ELEMENTARY SCHOOL,MERCER COUNTY,2009,2010,720,elementary,HARRODSBURG,21167,32,False,
GEORGE F JOHNSON ELEMENTARY SCHOOL,PIKE COUNTY,2009,2010,385,elementary,VIRGIE,21195,42,False,
ROBINSON CREEK ELEMENTARY SCHOOL,PIKE COUNTY,2009,2010,219,elementary,ROBINSON CREEK,21195,42,True,
VIRGIE MIDDLE SCHOOL,PIKE COUNTY,2009,2010,267,middle,VIRGIE,21195,42,False,
DEMING HIGH SCHOOL,ROBERTSON COUNTY,2009,2010,176,high,MOUNT OLIVET,21201,43,False,
RUNYON ELEMENTARY SCHOOL,PIKE COUNTY,2010,2011,161,elementary,PINSONFORK,21195,42,True,
BEACON ACADEMY,WARREN COUNTY,2010,2011,11,high,BOWLING GREEN,21227,41,False,
HENDERSON COUNTY ACADEMY,HENDERSON COUNTY,2011,2012,43,high,HENDERSON,21101,41,False,
BECKHAM BATES ELEMENTARY SCHOOL,LETCHER COUNTY,2011,2012,225,elementary,WHITESBURG,21133,43,False,
BATTLETOWN ELEMENTARY SCHOOL,MEADE COUNTY,2011,2012,83,elementary,BATTLETOWN,21163,42,True,
METCALFE 6TH GRADE CENTER,METCALFE COUNTY,2011,2012,125,middle,EDMONTON,21169,43,False,
TURNER INTERMEDIATE SCHOOL,WAYNE COUNTY,2011,2012,368,middle,MONTICELLO,21231,41,False,
SLAUGHTERS ELEMENTARY SCHOOL,WEBSTER COUNTY,2011,2012,172,elementary,SLAUGHTERS,21233,42,True,
COLONEL WILLIAM CASEY ELEMENTARY,ADAIR CO,2012,2013,437,elementary,COLUMBIA,21001,33,False,
JOHN ADAIR INTERMEDIATE SCHOOL,ADAIR CO,2012,2013,366,elementary,COLUMBIA,21001,33,False,
ROUSSEAU ELEMENTARY SCHOOL,BREATHITT CO,2012,2013,99,elementary,ROUSSEAU,21025,42,True,
CARTER ELEMENTARY SCHOOL,CARTER COUNTY,2012,2013,157,elementary,CARTER,21043,42,False,CARTER CITY ELEMENTARY SCHOOL
UPPER TYGART ELEMENTARY SCHOOL,CARTER COUNTY,2012,2013,264,elementary,OLIVE HILL,21043,42,False,
CENTRAL ELEMENTARY SCHOOL,CLARK COUNTY,2012,2013,364,elementary,WINCHESTER,21049,32,False,
FANNIE BUSH ELEMENTARY,CLARK COUNTY,2012,2013,256,elementary,WINCHESTER,21049,32,False,
EDMONSON COUNTY GREAT ONYX HIGH SCHOOL,EDMONSON COUNTY,2012,2013,46,high,BROWNSVILLE,21061,42,False,
WHITNEY YOUNG,EMINENCE INDEPENDENT,2012,2013,55,high,EMINENCE,21103,42,False,
SOUTH FLOYD MIDDLE SCHOOL,FLOYD COUNTY,2012,2013,221,middle,HI HAT,21071,43,False,
GENESIS CENTER,GRAVES COUNTY,2012,2013,11,high,MAYFIELD,21083,42,False,
LESLIE COUNTY MIDDLE SCHOOL,LESLIE COUNTY,2012,2013,144,middle,HYDEN,21131,42,False,
INEZ MIDDLE SCHOOL,MARTIN COUNTY,2012,2013,328,middle,INEZ,21159,43,False,
WARFIELD MIDDLE SCHOOL,MARTIN COUNTY,2012,2013,149,middle,WARFIELD,21159,43,False,
HEATH HIGH SCHOOL,MCCRACKEN COUNTY,2012,2013,531,high,WEST PADUCAH,21145,41,False,
LONE OAK HIGH SCHOOL,MCCRACKEN COUNTY,2012,2013,893,high,PADUCAH,21145,33,False,
REIDLAND HIGH SCHOOL,MCCRACKEN COUNTY,2012,2013,469,high,PADUCAH,21145,33,False,
EDMONTON ELEMENTARY SCHOOL,METCALFE COUNTY,2012,2013,533,elementary,EDMONTON,21169,43,False,
NORTH METCALFE ELEMENTARY SCHOOL,METCALFE COUNTY,2012,2013,146,elementary,EDMONTON,21169,43,False,
SUMMER SHADE ELEMENTARY SCHOOL,METCALFE COUNTY,2012,2013,138,elementary,SUMMER SHADE,21169,43,True,
MONTICELLO MIDDLE SCHOOL,MONTICELLO INDEPENDENT,2012,2013,173,middle,MONTICELLO,21231,33,False,
MONTICELLO HIGH SCHOOL,MONTICELLO INDEPENDENT,2012,2013,234,high,MONTICELLO,21231,33,False,
MONTICELLO ELEMENTARY SCHOOL,MONTICELLO INDEPENDENT,2012,2013,405,elementary,MONTICELLO,21231,33,False,
MUHLENBERG CAREER HIGH SCHOOL,MUHLENBERG COUNTY,2012,2013,91,high,GREENVILLE,21177,41,False,
DENNIS C WOOTON ELEMENTARY SCHOOL,PERRY COUNTY,2012,2013,539,elementary,HAZARD,21193,33,False,
BIG CREEK ELEMENTARY SCHOOL,PERRY COUNTY,2012,2013,136,elementary,AVAWAM,21193,41,True,
UNION CHAPEL ELEMENTARY SCHOOL,RUSSELL COUNTY,2012,2013,149,elementary,JAMESTOWN,21207,43,False,
EARLE C CLEMENTS VICTORY TECH HS,UNION COUNTY,2012,2013,46,high,MORGANFIELD,21225,41,False,
CLEMENTS VICTORY TECHNICAL HS #2,UNION COUNTY,2012,2013,13,high,MORGANFIELD,21225,41,False,
BURGIN ELEMENTARY SCHOOL,BURGIN INDEPENDENT,2013,2014,261,elementary,BURGIN,21167,42,False,
CONKWRIGHT MIDDLE SCHOOL,CLARK COUNTY,2013,2014,522,middle,WINCHESTER,21049,32,False,
HANNAH MCCLURE ELEMENTARY,CLARK COUNTY,2013,2014,308,elementary,WINCHESTER,21049,32,False,
PILOT VIEW ELEMENTARY SCHOOL,CLARK COUNTY,2013,2014,126,elementary,WINCHESTER,21049,42,False,
PROVIDENCE ELEMENTARY,CLARK COUNTY,2013,2014,285,elementary,WINCHESTER,21049,41,False,
SHEARER ELEMENTARY SCHOOL,CLARK COUNTY,2013,2014,421,elementary,WINCHESTER,21049,32,False,
TRAPP ELEMENTARY SCHOOL,CLARK COUNTY,2013,2014,123,elementary,WINCHESTER,21049,42,False,
STRODE STATION ELEMENTARY,CLARK COUNTY,2013,2014,695,elementary,WINCHESTER,21049,32,False,
CLARK MIDDLE SCHOOL,CLARK COUNTY,2013,2014,719,middle,WINCHESTER,21049,32,False,
WILLIS H. JUSTICE ELEMENTARY SCHOOL,CLARK COUNTY,2013,2014,609,elementary,WINCHESTER,21049,32,False,
CUBA ELEMENTARY SCHOOL,GRAVES COUNTY,2013,2014,157,elementary,MAYFIELD,21083,42,False,
NEW PATHWAYS FOR CHILDREN,GRAVES COUNTY,2013,2014,26,high,MELBER,21083,42,True,
MAYFIELD ELEMENTARY SCHOOL,MADISON COUNTY,2013,2014,314,elementary,RICHMOND,21151,32,False,
PINE KNOT CAREER INSTITUTE,MCCREARY COUNTY,2013,2014,55,high,PINE KNOT,21147,43,False,
METCALFE COUNTY PRIMARY CENTER,METCALFE COUNTY,2013,2014,450,elementary,EDMONTON,21169,43,False,
LIBERTY ELEMENTARY SCHOOL,OLDHAM COUNTY,2013,2014,345,elementary,GOSHEN,21185,41,False,
MAJESTIC KNOX CREEK ELEMENTARY SCHOOL,PIKE COUNTY,2013,2014,123,elementary,MAJESTIC,21195,43,True,
PINEVILLE ELEMENTARY SCHOOL,PINEVILLE INDEPENDENT,2013,2014,273,elementary,PINEVILLE,21013,42,False,
PINEVILLE HIGH SCHOOL,PINEVILLE INDEPENDENT,2013,2014,235,high,PINEVILLE,21013,42,False,
WILLIAMSBURG CENTER OF PROGRESSIVE ED,WILLIAMSBURG INDEPENDENT,2013,2014,5,high,WILLIAMSBURG,21235,33,False,
Belmont Elementary School,Christian County,2014,2015,377,elementary,HOPKINSVILLE,21047,32,False,
Holiday Elementary School,Christian County,2014,2015,537,elementary,HOPKINSVILLE,21047,32,False,
Lacy Elementary School,Christian County,2014,2015,309,elementary,HOPKINSVILLE,21047,42,False,
North Drive Middle School,Christian County,2014,2015,423,middle,HOPKINSVILLE,21047,32,False,
Eagle Creek Academy,Grant County,2014,2015,27,high,WILLIAMSTOWN,21081,32,False,
Beattyville Elementary,Lee County,2014,2015,275,elementary,BEATTYVILLE,21129,43,False,
Middle College at Eastern Kentucky,Madison County,2014,2015,15,high,RICHMOND,21151,32,False,
Farley Elementary School,McCracken County,2014,2015,488,elementary,PADUCAH,21145,33,False,
Meade Memorial Elementary School,Johnson County,2015,2016,178,elementary,Williamsport,21115,41,True,
Lee County High School,Lee County,2015,2016,316,high,Beattyville,21129,43,False,
Lee County Middle School,Lee County,2015,2016,206,middle,Beattyville,21129,43,False,
Lloyd Mcguffey Sixth Grade Center,Lincoln County,2015,2016,286,middle,Stanford,21137,41,False,
Benton Middle School,Marshall County,2015,2016,256,middle,Benton,21157,33,False,
Falcon Academy,Monroe County,2015,2016,17,high,Tompkinsville,21171,43,False,
Allen Central High School,Floyd County,2016,2017,378,high,Eastern,21071,42,False,
McDowell Elementary School,Floyd County,2016,2017,247,elementary,Mc Dowell,21071,42,True,
W.D. Osborne Elementary School,Floyd County,2016,2017,303,elementary,Bevinsville,21071,43,True,
James A. Duff Elementary School,Floyd County,2016,2017,282,elementary,Eastern,21071,42,False,
Allen Central Middle School,Floyd County,2016,2017,326,middle,Eastern,21071,42,False,
Saint Charles Middle School,Marion County,2016,2017,257,middle,Lebanon,21155,42,False,
Chavies Elementary School,Perry County,2016,2017,303,elementary,Chavies,21193,42,True,
A.B. Combs Elementary School,Perry County,2016,2017,304,elementary,Combs,21193,41,True,
Willard Elementary School,Perry County,2016,2017,218,elementary,Busy,21193,41,True,
Blackberry Elementary School,Pike County,2016,2017,100,elementary,Ransom,21195,42,True,
Sebastian Middle School,Breathitt County,2017,2018,286,middle,Jackson,21025,33,False,
Hogsett Elementary School,Danville Independent,2017,2018,356,elementary,Danville,21021,32,False,
Toliver Elementary School,Danville Independent,2017,2018,313,elementary,Danville,21021,32,False,
Jennie Rogers Elementary School,Danville Independent,2017,2018,289,elementary,Danville,21021,32,False,
Montgomery County Intermediate School,Montgomery County,2017,2018,737,middle,Mount Sterling,21173,41,False,
Trimble County Middle School,Trimble County,2017,2018,205,middle,Bedford,21223,42,False,
Trimble County High School,Trimble County,2017,2018,362,high,Bedford,21223,42,False,
Corbin Intermediate,Corbin Independent,2018,2019,216,middle,Corbin,21235,33,False,
McKinney Elementary School,Lincoln County,2018,2019,146,elementary,Hustonville,21137,42,False,
Fort Logan School,Lincoln County,2018,2019,15,high,Stanford,21137,32,False,
Model Laboratory Middle School,Madison County,2018,2019,190,middle,Richmond,21151,32,False,
Hope Hill Childrens Home,Montgomery County,2018,2019,20,high,Hope,21173,42,True,
Frederick Fraize High School,Cloverport Independent,2019,2020,114,high,Cloverport,21027,42,False,
William H Natcher Elementary School,Cloverport Independent,2019,2020,143,elementary,Cloverport,21027,42,False,
Frederick Fraize Middle School,Cloverport Independent,2019,2020,83,middle,Cloverport,21027,42,False,
Isonville Elementary School,Elliott County,2019,2020,73,elementary,Isonville,21063,43,True,
Lakeside Elementary School,Elliott County,2019,2020,187,elementary,Sandy Hook,21063,43,False,
Model Laboratory Elementary School,Madison County,2019,2020,294,elementary,Richmond,21151,32,False,
Model Laboratory High School,Madison County,2019,2020,409,high,Richmond,21151,32,False,
McCreary Academy,McCreary County,2019,2020,75,high,Stearns,21147,43,False,
West Point Elementary School,West Point Independent,2019,2020,149,elementary,West Point,21093,41,False,
APEX Academy,Anderson County,2020,2021,467,high,Lawrenceburg,21005,32,False,
Lowes Elementary School,Graves County,2020,2021,239,elementary,Hickory,21083,42,True,
Letcher Elementary School,Letcher County,2020,2021,276,elementary,Blackey,21133,43,False,
Star Academy High School,Marshall County,2020,2021,12,high,Benton,21157,42,False,
Botts Elementary School,Menifee County,2020,2021,154,elementary,Denniston,21165,43,False,
Menifee Elementary School,Menifee County,2020,2021,477,elementary,Frenchburg,21165,43,False,
Green River School,Butler County,2021,2022,7,high,Cromwell,21031,42,True,
Ramey-Estep High School,Boyd County,2022,2023,39,high,Rush,21019,42,False,
Marie Roberts-Caney Elementary School,Breathitt County,2022,2023,231,elementary,Lost Creek,21025,42,True,
E P Ward Elementary School,Fleming County,2022,2023,180,elementary,Wallingford,21069,42,True,
Earlington Elementary School,Hopkins County,2022,2023,277,elementary,Earlington,21107,41,True,
Brandenburg High School,Meade County,2022,2023,9,high,Brandenburg,21163,42,False,
Leatherwood Elementary School,Perry County,2022,2023,102,elementary,Leatherwood,21193,42,True,
